"Benchmark","Mode","Threads","Samples","Score","Score Error (99.9%)","Unit","Param: size"
"com.lineate.school.SearchBenchmark.baseline","avgt",1,5,22.091846,0.030520,"ns/op",1
"com.lineate.school.SearchBenchmark.baseline:CPI","avgt",1,1,0.811265,NaN,"#/op",1
"com.lineate.school.SearchBenchmark.baseline:L1-dcache-load-misses","avgt",1,1,0.006901,NaN,"#/op",1
"com.lineate.school.SearchBenchmark.baseline:L1-dcache-loads","avgt",1,1,15.258909,NaN,"#/op",1
"com.lineate.school.SearchBenchmark.baseline:L1-dcache-store-misses","avgt",1,1,0.002242,NaN,"#/op",1
"com.lineate.school.SearchBenchmark.baseline:L1-dcache-stores","avgt",1,1,5.142555,NaN,"#/op",1
"com.lineate.school.SearchBenchmark.baseline:L1-icache-load-misses","avgt",1,1,0.006615,NaN,"#/op",1
"com.lineate.school.SearchBenchmark.baseline:LLC-load-misses","avgt",1,1,0.000358,NaN,"#/op",1
"com.lineate.school.SearchBenchmark.baseline:LLC-loads","avgt",1,1,0.002161,NaN,"#/op",1
"com.lineate.school.SearchBenchmark.baseline:LLC-store-misses","avgt",1,1,0.000245,NaN,"#/op",1
"com.lineate.school.SearchBenchmark.baseline:LLC-stores","avgt",1,1,0.000900,NaN,"#/op",1
"com.lineate.school.SearchBenchmark.baseline:branch-misses","avgt",1,1,0.003181,NaN,"#/op",1
"com.lineate.school.SearchBenchmark.baseline:branches","avgt",1,1,7.127837,NaN,"#/op",1
"com.lineate.school.SearchBenchmark.baseline:cycles","avgt",1,1,46.887027,NaN,"#/op",1
"com.lineate.school.SearchBenchmark.baseline:dTLB-load-misses","avgt",1,1,0.000018,NaN,"#/op",1
"com.lineate.school.SearchBenchmark.baseline:dTLB-loads","avgt",1,1,15.138019,NaN,"#/op",1
"com.lineate.school.SearchBenchmark.baseline:dTLB-store-misses","avgt",1,1,0.000026,NaN,"#/op",1
"com.lineate.school.SearchBenchmark.baseline:dTLB-stores","avgt",1,1,5.095090,NaN,"#/op",1
"com.lineate.school.SearchBenchmark.baseline:iTLB-load-misses","avgt",1,1,0.000148,NaN,"#/op",1
"com.lineate.school.SearchBenchmark.baseline:iTLB-loads","avgt",1,1,0.000095,NaN,"#/op",1
"com.lineate.school.SearchBenchmark.baseline:instructions","avgt",1,1,57.794963,NaN,"#/op",1
"com.lineate.school.SearchBenchmark.baseline:stalled-cycles-frontend","avgt",1,1,29.581676,NaN,"#/op",1
"com.lineate.school.SearchBenchmark.baseline","avgt",1,5,19.799132,0.108584,"ns/op",10
"com.lineate.school.SearchBenchmark.baseline:CPI","avgt",1,1,0.611563,NaN,"#/op",10
"com.lineate.school.SearchBenchmark.baseline:L1-dcache-load-misses","avgt",1,1,0.007511,NaN,"#/op",10
"com.lineate.school.SearchBenchmark.baseline:L1-dcache-loads","avgt",1,1,15.453289,NaN,"#/op",10
"com.lineate.school.SearchBenchmark.baseline:L1-dcache-store-misses","avgt",1,1,0.004052,NaN,"#/op",10
"com.lineate.school.SearchBenchmark.baseline:L1-dcache-stores","avgt",1,1,6.562252,NaN,"#/op",10
"com.lineate.school.SearchBenchmark.baseline:L1-icache-load-misses","avgt",1,1,0.008401,NaN,"#/op",10
"com.lineate.school.SearchBenchmark.baseline:LLC-load-misses","avgt",1,1,0.000733,NaN,"#/op",10
"com.lineate.school.SearchBenchmark.baseline:LLC-loads","avgt",1,1,0.003478,NaN,"#/op",10
"com.lineate.school.SearchBenchmark.baseline:LLC-store-misses","avgt",1,1,0.000916,NaN,"#/op",10
"com.lineate.school.SearchBenchmark.baseline:LLC-stores","avgt",1,1,0.000991,NaN,"#/op",10
"com.lineate.school.SearchBenchmark.baseline:branch-misses","avgt",1,1,0.002466,NaN,"#/op",10
"com.lineate.school.SearchBenchmark.baseline:branches","avgt",1,1,10.124356,NaN,"#/op",10
"com.lineate.school.SearchBenchmark.baseline:cycles","avgt",1,1,41.633837,NaN,"#/op",10
"com.lineate.school.SearchBenchmark.baseline:dTLB-loads","avgt",1,1,15.504603,NaN,"#/op",10
"com.lineate.school.SearchBenchmark.baseline:dTLB-store-misses","avgt",1,1,0.000060,NaN,"#/op",10
"com.lineate.school.SearchBenchmark.baseline:dTLB-stores","avgt",1,1,6.585560,NaN,"#/op",10
"com.lineate.school.SearchBenchmark.baseline:iTLB-load-misses","avgt",1,1,0.000094,NaN,"#/op",10
"com.lineate.school.SearchBenchmark.baseline:iTLB-loads","avgt",1,1,0.000262,NaN,"#/op",10
"com.lineate.school.SearchBenchmark.baseline:instructions","avgt",1,1,68.077711,NaN,"#/op",10
"com.lineate.school.SearchBenchmark.baseline:stalled-cycles-frontend","avgt",1,1,19.613097,NaN,"#/op",10
"com.lineate.school.SearchBenchmark.baseline","avgt",1,5,19.775455,0.462356,"ns/op",100
"com.lineate.school.SearchBenchmark.baseline:CPI","avgt",1,1,0.591522,NaN,"#/op",100
"com.lineate.school.SearchBenchmark.baseline:L1-dcache-load-misses","avgt",1,1,0.001972,NaN,"#/op",100
"com.lineate.school.SearchBenchmark.baseline:L1-dcache-loads","avgt",1,1,17.055956,NaN,"#/op",100
"com.lineate.school.SearchBenchmark.baseline:L1-dcache-store-misses","avgt",1,1,0.000705,NaN,"#/op",100
"com.lineate.school.SearchBenchmark.baseline:L1-dcache-stores","avgt",1,1,7.908270,NaN,"#/op",100
"com.lineate.school.SearchBenchmark.baseline:L1-icache-load-misses","avgt",1,1,0.005740,NaN,"#/op",100
"com.lineate.school.SearchBenchmark.baseline:LLC-load-misses","avgt",1,1,0.000547,NaN,"#/op",100
"com.lineate.school.SearchBenchmark.baseline:LLC-loads","avgt",1,1,0.001888,NaN,"#/op",100
"com.lineate.school.SearchBenchmark.baseline:LLC-store-misses","avgt",1,1,0.000307,NaN,"#/op",100
"com.lineate.school.SearchBenchmark.baseline:LLC-stores","avgt",1,1,0.001239,NaN,"#/op",100
"com.lineate.school.SearchBenchmark.baseline:branch-misses","avgt",1,1,0.001813,NaN,"#/op",100
"com.lineate.school.SearchBenchmark.baseline:branches","avgt",1,1,10.094193,NaN,"#/op",100
"com.lineate.school.SearchBenchmark.baseline:cycles","avgt",1,1,41.735454,NaN,"#/op",100
"com.lineate.school.SearchBenchmark.baseline:dTLB-loads","avgt",1,1,17.020545,NaN,"#/op",100
"com.lineate.school.SearchBenchmark.baseline:dTLB-store-misses","avgt",1,1,0.000261,NaN,"#/op",100
"com.lineate.school.SearchBenchmark.baseline:dTLB-stores","avgt",1,1,7.919054,NaN,"#/op",100
"com.lineate.school.SearchBenchmark.baseline:iTLB-load-misses","avgt",1,1,0.000155,NaN,"#/op",100
"com.lineate.school.SearchBenchmark.baseline:iTLB-loads","avgt",1,1,0.000165,NaN,"#/op",100
"com.lineate.school.SearchBenchmark.baseline:instructions","avgt",1,1,70.555996,NaN,"#/op",100
"com.lineate.school.SearchBenchmark.baseline:stalled-cycles-frontend","avgt",1,1,19.329419,NaN,"#/op",100
"com.lineate.school.SearchBenchmark.baseline","avgt",1,5,19.436699,0.032439,"ns/op",1000
"com.lineate.school.SearchBenchmark.baseline:CPI","avgt",1,1,0.605532,NaN,"#/op",1000
"com.lineate.school.SearchBenchmark.baseline:L1-dcache-load-misses","avgt",1,1,0.005976,NaN,"#/op",1000
"com.lineate.school.SearchBenchmark.baseline:L1-dcache-loads","avgt",1,1,15.126839,NaN,"#/op",1000
"com.lineate.school.SearchBenchmark.baseline:L1-dcache-store-misses","avgt",1,1,0.003695,NaN,"#/op",1000
"com.lineate.school.SearchBenchmark.baseline:L1-dcache-stores","avgt",1,1,6.079357,NaN,"#/op",1000
"com.lineate.school.SearchBenchmark.baseline:L1-icache-load-misses","avgt",1,1,0.010330,NaN,"#/op",1000
"com.lineate.school.SearchBenchmark.baseline:LLC-load-misses","avgt",1,1,0.000770,NaN,"#/op",1000
"com.lineate.school.SearchBenchmark.baseline:LLC-loads","avgt",1,1,0.003495,NaN,"#/op",1000
"com.lineate.school.SearchBenchmark.baseline:LLC-store-misses","avgt",1,1,0.001546,NaN,"#/op",1000
"com.lineate.school.SearchBenchmark.baseline:LLC-stores","avgt",1,1,0.000750,NaN,"#/op",1000
"com.lineate.school.SearchBenchmark.baseline:branch-misses","avgt",1,1,0.002703,NaN,"#/op",1000
"com.lineate.school.SearchBenchmark.baseline:branches","avgt",1,1,10.078743,NaN,"#/op",1000
"com.lineate.school.SearchBenchmark.baseline:cycles","avgt",1,1,40.832979,NaN,"#/op",1000
"com.lineate.school.SearchBenchmark.baseline:dTLB-loads","avgt",1,1,15.201029,NaN,"#/op",1000
"com.lineate.school.SearchBenchmark.baseline:dTLB-store-misses","avgt",1,1,0.000055,NaN,"#/op",1000
"com.lineate.school.SearchBenchmark.baseline:dTLB-stores","avgt",1,1,6.097353,NaN,"#/op",1000
"com.lineate.school.SearchBenchmark.baseline:iTLB-load-misses","avgt",1,1,0.000123,NaN,"#/op",1000
"com.lineate.school.SearchBenchmark.baseline:iTLB-loads","avgt",1,1,0.000164,NaN,"#/op",1000
"com.lineate.school.SearchBenchmark.baseline:instructions","avgt",1,1,67.433177,NaN,"#/op",1000
"com.lineate.school.SearchBenchmark.baseline:stalled-cycles-frontend","avgt",1,1,18.802668,NaN,"#/op",1000
"com.lineate.school.SearchBenchmark.baseline","avgt",1,5,19.238248,0.012304,"ns/op",10000
"com.lineate.school.SearchBenchmark.baseline:CPI","avgt",1,1,0.598706,NaN,"#/op",10000
"com.lineate.school.SearchBenchmark.baseline:L1-dcache-load-misses","avgt",1,1,0.004707,NaN,"#/op",10000
"com.lineate.school.SearchBenchmark.baseline:L1-dcache-loads","avgt",1,1,15.224216,NaN,"#/op",10000
"com.lineate.school.SearchBenchmark.baseline:L1-dcache-store-misses","avgt",1,1,0.001071,NaN,"#/op",10000
"com.lineate.school.SearchBenchmark.baseline:L1-dcache-stores","avgt",1,1,6.105350,NaN,"#/op",10000
"com.lineate.school.SearchBenchmark.baseline:L1-icache-load-misses","avgt",1,1,0.003332,NaN,"#/op",10000
"com.lineate.school.SearchBenchmark.baseline:LLC-load-misses","avgt",1,1,0.000530,NaN,"#/op",10000
"com.lineate.school.SearchBenchmark.baseline:LLC-loads","avgt",1,1,0.001237,NaN,"#/op",10000
"com.lineate.school.SearchBenchmark.baseline:LLC-store-misses","avgt",1,1,0.000168,NaN,"#/op",10000
"com.lineate.school.SearchBenchmark.baseline:LLC-stores","avgt",1,1,0.000700,NaN,"#/op",10000
"com.lineate.school.SearchBenchmark.baseline:branch-misses","avgt",1,1,0.002768,NaN,"#/op",10000
"com.lineate.school.SearchBenchmark.baseline:branches","avgt",1,1,10.216708,NaN,"#/op",10000
"com.lineate.school.SearchBenchmark.baseline:cycles","avgt",1,1,40.883697,NaN,"#/op",10000
"com.lineate.school.SearchBenchmark.baseline:dTLB-loads","avgt",1,1,15.227416,NaN,"#/op",10000
"com.lineate.school.SearchBenchmark.baseline:dTLB-store-misses","avgt",1,1,0.000062,NaN,"#/op",10000
"com.lineate.school.SearchBenchmark.baseline:dTLB-stores","avgt",1,1,6.123555,NaN,"#/op",10000
"com.lineate.school.SearchBenchmark.baseline:iTLB-load-misses","avgt",1,1,0.000176,NaN,"#/op",10000
"com.lineate.school.SearchBenchmark.baseline:iTLB-loads","avgt",1,1,0.000155,NaN,"#/op",10000
"com.lineate.school.SearchBenchmark.baseline:instructions","avgt",1,1,68.286713,NaN,"#/op",10000
"com.lineate.school.SearchBenchmark.baseline:stalled-cycles-frontend","avgt",1,1,18.523600,NaN,"#/op",10000
"com.lineate.school.SearchBenchmark.baseline","avgt",1,5,19.038701,0.029916,"ns/op",100000
"com.lineate.school.SearchBenchmark.baseline:CPI","avgt",1,1,0.592384,NaN,"#/op",100000
"com.lineate.school.SearchBenchmark.baseline:L1-dcache-load-misses","avgt",1,1,0.007311,NaN,"#/op",100000
"com.lineate.school.SearchBenchmark.baseline:L1-dcache-loads","avgt",1,1,15.169501,NaN,"#/op",100000
"com.lineate.school.SearchBenchmark.baseline:L1-dcache-store-misses","avgt",1,1,0.003135,NaN,"#/op",100000
"com.lineate.school.SearchBenchmark.baseline:L1-dcache-stores","avgt",1,1,6.053931,NaN,"#/op",100000
"com.lineate.school.SearchBenchmark.baseline:L1-icache-load-misses","avgt",1,1,0.008769,NaN,"#/op",100000
"com.lineate.school.SearchBenchmark.baseline:LLC-load-misses","avgt",1,1,0.000863,NaN,"#/op",100000
"com.lineate.school.SearchBenchmark.baseline:LLC-loads","avgt",1,1,0.002727,NaN,"#/op",100000
"com.lineate.school.SearchBenchmark.baseline:LLC-store-misses","avgt",1,1,0.000144,NaN,"#/op",100000
"com.lineate.school.SearchBenchmark.baseline:LLC-stores","avgt",1,1,0.000707,NaN,"#/op",100000
"com.lineate.school.SearchBenchmark.baseline:branch-misses","avgt",1,1,0.001710,NaN,"#/op",100000
"com.lineate.school.SearchBenchmark.baseline:branches","avgt",1,1,10.071468,NaN,"#/op",100000
"com.lineate.school.SearchBenchmark.baseline:cycles","avgt",1,1,39.921635,NaN,"#/op",100000
"com.lineate.school.SearchBenchmark.baseline:dTLB-loads","avgt",1,1,15.065383,NaN,"#/op",100000
"com.lineate.school.SearchBenchmark.baseline:dTLB-store-misses","avgt",1,1,0.000044,NaN,"#/op",100000
"com.lineate.school.SearchBenchmark.baseline:dTLB-stores","avgt",1,1,6.045913,NaN,"#/op",100000
"com.lineate.school.SearchBenchmark.baseline:iTLB-load-misses","avgt",1,1,0.000048,NaN,"#/op",100000
"com.lineate.school.SearchBenchmark.baseline:iTLB-loads","avgt",1,1,0.000103,NaN,"#/op",100000
"com.lineate.school.SearchBenchmark.baseline:instructions","avgt",1,1,67.391518,NaN,"#/op",100000
"com.lineate.school.SearchBenchmark.baseline:stalled-cycles-frontend","avgt",1,1,18.870630,NaN,"#/op",100000
"com.lineate.school.SearchBenchmark.hashSet","avgt",1,5,20.177092,0.014358,"ns/op",1
"com.lineate.school.SearchBenchmark.hashSet:CPI","avgt",1,1,0.410313,NaN,"#/op",1
"com.lineate.school.SearchBenchmark.hashSet:L1-dcache-load-misses","avgt",1,1,0.004525,NaN,"#/op",1
"com.lineate.school.SearchBenchmark.hashSet:L1-dcache-loads","avgt",1,1,24.263469,NaN,"#/op",1
"com.lineate.school.SearchBenchmark.hashSet:L1-dcache-store-misses","avgt",1,1,0.002213,NaN,"#/op",1
"com.lineate.school.SearchBenchmark.hashSet:L1-dcache-stores","avgt",1,1,6.062261,NaN,"#/op",1
"com.lineate.school.SearchBenchmark.hashSet:L1-icache-load-misses","avgt",1,1,0.006917,NaN,"#/op",1
"com.lineate.school.SearchBenchmark.hashSet:LLC-load-misses","avgt",1,1,0.000474,NaN,"#/op",1
"com.lineate.school.SearchBenchmark.hashSet:LLC-loads","avgt",1,1,0.002482,NaN,"#/op",1
"com.lineate.school.SearchBenchmark.hashSet:LLC-store-misses","avgt",1,1,0.000082,NaN,"#/op",1
"com.lineate.school.SearchBenchmark.hashSet:LLC-stores","avgt",1,1,0.000881,NaN,"#/op",1
"com.lineate.school.SearchBenchmark.hashSet:branch-misses","avgt",1,1,0.001800,NaN,"#/op",1
"com.lineate.school.SearchBenchmark.hashSet:branches","avgt",1,1,17.178284,NaN,"#/op",1
"com.lineate.school.SearchBenchmark.hashSet:cycles","avgt",1,1,42.672148,NaN,"#/op",1
"com.lineate.school.SearchBenchmark.hashSet:dTLB-load-misses","avgt",1,1,0.000007,NaN,"#/op",1
"com.lineate.school.SearchBenchmark.hashSet:dTLB-loads","avgt",1,1,24.182725,NaN,"#/op",1
"com.lineate.school.SearchBenchmark.hashSet:dTLB-store-misses","avgt",1,1,0.000084,NaN,"#/op",1
"com.lineate.school.SearchBenchmark.hashSet:dTLB-stores","avgt",1,1,6.061425,NaN,"#/op",1
"com.lineate.school.SearchBenchmark.hashSet:iTLB-load-misses","avgt",1,1,0.000237,NaN,"#/op",1
"com.lineate.school.SearchBenchmark.hashSet:iTLB-loads","avgt",1,1,0.000218,NaN,"#/op",1
"com.lineate.school.SearchBenchmark.hashSet:instructions","avgt",1,1,103.999088,NaN,"#/op",1
"com.lineate.school.SearchBenchmark.hashSet:stalled-cycles-frontend","avgt",1,1,16.378458,NaN,"#/op",1
"com.lineate.school.SearchBenchmark.hashSet","avgt",1,5,25.935279,7.390531,"ns/op",10
"com.lineate.school.SearchBenchmark.hashSet:CPI","avgt",1,1,0.459625,NaN,"#/op",10
"com.lineate.school.SearchBenchmark.hashSet:L1-dcache-load-misses","avgt",1,1,0.013034,NaN,"#/op",10
"com.lineate.school.SearchBenchmark.hashSet:L1-dcache-loads","avgt",1,1,29.029133,NaN,"#/op",10
"com.lineate.school.SearchBenchmark.hashSet:L1-dcache-store-misses","avgt",1,1,0.002511,NaN,"#/op",10
"com.lineate.school.SearchBenchmark.hashSet:L1-dcache-stores","avgt",1,1,10.645518,NaN,"#/op",10
"com.lineate.school.SearchBenchmark.hashSet:L1-icache-load-misses","avgt",1,1,0.005381,NaN,"#/op",10
"com.lineate.school.SearchBenchmark.hashSet:LLC-load-misses","avgt",1,1,0.002092,NaN,"#/op",10
"com.lineate.school.SearchBenchmark.hashSet:LLC-loads","avgt",1,1,0.004548,NaN,"#/op",10
"com.lineate.school.SearchBenchmark.hashSet:LLC-store-misses","avgt",1,1,0.000433,NaN,"#/op",10
"com.lineate.school.SearchBenchmark.hashSet:LLC-stores","avgt",1,1,0.001091,NaN,"#/op",10
"com.lineate.school.SearchBenchmark.hashSet:branch-misses","avgt",1,1,0.008558,NaN,"#/op",10
"com.lineate.school.SearchBenchmark.hashSet:branches","avgt",1,1,20.360253,NaN,"#/op",10
"com.lineate.school.SearchBenchmark.hashSet:cycles","avgt",1,1,55.274204,NaN,"#/op",10
"com.lineate.school.SearchBenchmark.hashSet:dTLB-load-misses","avgt",1,1,0.000007,NaN,"#/op",10
"com.lineate.school.SearchBenchmark.hashSet:dTLB-loads","avgt",1,1,29.006125,NaN,"#/op",10
"com.lineate.school.SearchBenchmark.hashSet:dTLB-store-misses","avgt",1,1,0.000083,NaN,"#/op",10
"com.lineate.school.SearchBenchmark.hashSet:dTLB-stores","avgt",1,1,10.667093,NaN,"#/op",10
"com.lineate.school.SearchBenchmark.hashSet:iTLB-load-misses","avgt",1,1,0.000412,NaN,"#/op",10
"com.lineate.school.SearchBenchmark.hashSet:iTLB-loads","avgt",1,1,0.000334,NaN,"#/op",10
"com.lineate.school.SearchBenchmark.hashSet:instructions","avgt",1,1,120.259359,NaN,"#/op",10
"com.lineate.school.SearchBenchmark.hashSet:stalled-cycles-frontend","avgt",1,1,22.557737,NaN,"#/op",10
"com.lineate.school.SearchBenchmark.hashSet","avgt",1,5,26.813558,6.530852,"ns/op",100
"com.lineate.school.SearchBenchmark.hashSet:CPI","avgt",1,1,0.476619,NaN,"#/op",100
"com.lineate.school.SearchBenchmark.hashSet:L1-dcache-load-misses","avgt",1,1,0.009904,NaN,"#/op",100
"com.lineate.school.SearchBenchmark.hashSet:L1-dcache-loads","avgt",1,1,31.331251,NaN,"#/op",100
"com.lineate.school.SearchBenchmark.hashSet:L1-dcache-store-misses","avgt",1,1,0.002405,NaN,"#/op",100
"com.lineate.school.SearchBenchmark.hashSet:L1-dcache-stores","avgt",1,1,10.794070,NaN,"#/op",100
"com.lineate.school.SearchBenchmark.hashSet:L1-icache-load-misses","avgt",1,1,0.007569,NaN,"#/op",100
"com.lineate.school.SearchBenchmark.hashSet:LLC-load-misses","avgt",1,1,0.000521,NaN,"#/op",100
"com.lineate.school.SearchBenchmark.hashSet:LLC-loads","avgt",1,1,0.002021,NaN,"#/op",100
"com.lineate.school.SearchBenchmark.hashSet:LLC-store-misses","avgt",1,1,0.000356,NaN,"#/op",100
"com.lineate.school.SearchBenchmark.hashSet:LLC-stores","avgt",1,1,0.001264,NaN,"#/op",100
"com.lineate.school.SearchBenchmark.hashSet:branch-misses","avgt",1,1,0.005428,NaN,"#/op",100
"com.lineate.school.SearchBenchmark.hashSet:branches","avgt",1,1,20.256947,NaN,"#/op",100
"com.lineate.school.SearchBenchmark.hashSet:cycles","avgt",1,1,56.810105,NaN,"#/op",100
"com.lineate.school.SearchBenchmark.hashSet:dTLB-loads","avgt",1,1,31.308380,NaN,"#/op",100
"com.lineate.school.SearchBenchmark.hashSet:dTLB-store-misses","avgt",1,1,0.000157,NaN,"#/op",100
"com.lineate.school.SearchBenchmark.hashSet:dTLB-stores","avgt",1,1,10.806597,NaN,"#/op",100
"com.lineate.school.SearchBenchmark.hashSet:iTLB-load-misses","avgt",1,1,0.000320,NaN,"#/op",100
"com.lineate.school.SearchBenchmark.hashSet:iTLB-loads","avgt",1,1,0.000433,NaN,"#/op",100
"com.lineate.school.SearchBenchmark.hashSet:instructions","avgt",1,1,119.193887,NaN,"#/op",100
"com.lineate.school.SearchBenchmark.hashSet:stalled-cycles-frontend","avgt",1,1,24.792802,NaN,"#/op",100
"com.lineate.school.SearchBenchmark.hashSet","avgt",1,5,30.876029,0.440250,"ns/op",1000
"com.lineate.school.SearchBenchmark.hashSet:CPI","avgt",1,1,0.534941,NaN,"#/op",1000
"com.lineate.school.SearchBenchmark.hashSet:L1-dcache-load-misses","avgt",1,1,1.490078,NaN,"#/op",1000
"com.lineate.school.SearchBenchmark.hashSet:L1-dcache-loads","avgt",1,1,30.002918,NaN,"#/op",1000
"com.lineate.school.SearchBenchmark.hashSet:L1-dcache-store-misses","avgt",1,1,0.229105,NaN,"#/op",1000
"com.lineate.school.SearchBenchmark.hashSet:L1-dcache-stores","avgt",1,1,11.440980,NaN,"#/op",1000
"com.lineate.school.SearchBenchmark.hashSet:L1-icache-load-misses","avgt",1,1,0.006966,NaN,"#/op",1000
"com.lineate.school.SearchBenchmark.hashSet:LLC-load-misses","avgt",1,1,0.016437,NaN,"#/op",1000
"com.lineate.school.SearchBenchmark.hashSet:LLC-loads","avgt",1,1,0.036624,NaN,"#/op",1000
"com.lineate.school.SearchBenchmark.hashSet:LLC-store-misses","avgt",1,1,0.009225,NaN,"#/op",1000
"com.lineate.school.SearchBenchmark.hashSet:LLC-stores","avgt",1,1,0.009999,NaN,"#/op",1000
"com.lineate.school.SearchBenchmark.hashSet:branch-misses","avgt",1,1,0.146901,NaN,"#/op",1000
"com.lineate.school.SearchBenchmark.hashSet:branches","avgt",1,1,22.626612,NaN,"#/op",1000
"com.lineate.school.SearchBenchmark.hashSet:cycles","avgt",1,1,68.507580,NaN,"#/op",1000
"com.lineate.school.SearchBenchmark.hashSet:dTLB-loads","avgt",1,1,29.657174,NaN,"#/op",1000
"com.lineate.school.SearchBenchmark.hashSet:dTLB-store-misses","avgt",1,1,0.000089,NaN,"#/op",1000
"com.lineate.school.SearchBenchmark.hashSet:dTLB-stores","avgt",1,1,11.546861,NaN,"#/op",1000
"com.lineate.school.SearchBenchmark.hashSet:iTLB-load-misses","avgt",1,1,0.000383,NaN,"#/op",1000
"com.lineate.school.SearchBenchmark.hashSet:iTLB-loads","avgt",1,1,0.000443,NaN,"#/op",1000
"com.lineate.school.SearchBenchmark.hashSet:instructions","avgt",1,1,128.065705,NaN,"#/op",1000
"com.lineate.school.SearchBenchmark.hashSet:stalled-cycles-frontend","avgt",1,1,29.410991,NaN,"#/op",1000
"com.lineate.school.SearchBenchmark.hashSet","avgt",1,5,42.041576,0.184452,"ns/op",10000
"com.lineate.school.SearchBenchmark.hashSet:CPI","avgt",1,1,0.721527,NaN,"#/op",10000
"com.lineate.school.SearchBenchmark.hashSet:L1-dcache-load-misses","avgt",1,1,3.111713,NaN,"#/op",10000
"com.lineate.school.SearchBenchmark.hashSet:L1-dcache-loads","avgt",1,1,29.675761,NaN,"#/op",10000
"com.lineate.school.SearchBenchmark.hashSet:L1-dcache-store-misses","avgt",1,1,0.266934,NaN,"#/op",10000
"com.lineate.school.SearchBenchmark.hashSet:L1-dcache-stores","avgt",1,1,12.468052,NaN,"#/op",10000
"com.lineate.school.SearchBenchmark.hashSet:L1-icache-load-misses","avgt",1,1,0.028757,NaN,"#/op",10000
"com.lineate.school.SearchBenchmark.hashSet:LLC-load-misses","avgt",1,1,0.252812,NaN,"#/op",10000
"com.lineate.school.SearchBenchmark.hashSet:LLC-loads","avgt",1,1,1.899224,NaN,"#/op",10000
"com.lineate.school.SearchBenchmark.hashSet:LLC-store-misses","avgt",1,1,0.000496,NaN,"#/op",10000
"com.lineate.school.SearchBenchmark.hashSet:LLC-stores","avgt",1,1,0.003130,NaN,"#/op",10000
"com.lineate.school.SearchBenchmark.hashSet:branch-misses","avgt",1,1,0.019404,NaN,"#/op",10000
"com.lineate.school.SearchBenchmark.hashSet:branches","avgt",1,1,21.810720,NaN,"#/op",10000
"com.lineate.school.SearchBenchmark.hashSet:cycles","avgt",1,1,89.123008,NaN,"#/op",10000
"com.lineate.school.SearchBenchmark.hashSet:dTLB-loads","avgt",1,1,30.303506,NaN,"#/op",10000
"com.lineate.school.SearchBenchmark.hashSet:dTLB-store-misses","avgt",1,1,0.000177,NaN,"#/op",10000
"com.lineate.school.SearchBenchmark.hashSet:dTLB-stores","avgt",1,1,12.109763,NaN,"#/op",10000
"com.lineate.school.SearchBenchmark.hashSet:iTLB-load-misses","avgt",1,1,0.000231,NaN,"#/op",10000
"com.lineate.school.SearchBenchmark.hashSet:iTLB-loads","avgt",1,1,0.000114,NaN,"#/op",10000
"com.lineate.school.SearchBenchmark.hashSet:instructions","avgt",1,1,123.520005,NaN,"#/op",10000
"com.lineate.school.SearchBenchmark.hashSet:stalled-cycles-frontend","avgt",1,1,55.218981,NaN,"#/op",10000
"com.lineate.school.SearchBenchmark.hashSet","avgt",1,5,55.886273,15.364770,"ns/op",100000
"com.lineate.school.SearchBenchmark.hashSet:CPI","avgt",1,1,0.958588,NaN,"#/op",100000
"com.lineate.school.SearchBenchmark.hashSet:L1-dcache-load-misses","avgt",1,1,3.771996,NaN,"#/op",100000
"com.lineate.school.SearchBenchmark.hashSet:L1-dcache-loads","avgt",1,1,30.928553,NaN,"#/op",100000
"com.lineate.school.SearchBenchmark.hashSet:L1-dcache-store-misses","avgt",1,1,0.386083,NaN,"#/op",100000
"com.lineate.school.SearchBenchmark.hashSet:L1-dcache-stores","avgt",1,1,12.888262,NaN,"#/op",100000
"com.lineate.school.SearchBenchmark.hashSet:L1-icache-load-misses","avgt",1,1,0.020577,NaN,"#/op",100000
"com.lineate.school.SearchBenchmark.hashSet:LLC-load-misses","avgt",1,1,0.184796,NaN,"#/op",100000
"com.lineate.school.SearchBenchmark.hashSet:LLC-loads","avgt",1,1,3.402962,NaN,"#/op",100000
"com.lineate.school.SearchBenchmark.hashSet:LLC-store-misses","avgt",1,1,0.089991,NaN,"#/op",100000
"com.lineate.school.SearchBenchmark.hashSet:LLC-stores","avgt",1,1,0.122696,NaN,"#/op",100000
"com.lineate.school.SearchBenchmark.hashSet:branch-misses","avgt",1,1,0.015747,NaN,"#/op",100000
"com.lineate.school.SearchBenchmark.hashSet:branches","avgt",1,1,22.640001,NaN,"#/op",100000
"com.lineate.school.SearchBenchmark.hashSet:cycles","avgt",1,1,124.963575,NaN,"#/op",100000
"com.lineate.school.SearchBenchmark.hashSet:dTLB-loads","avgt",1,1,30.941579,NaN,"#/op",100000
"com.lineate.school.SearchBenchmark.hashSet:dTLB-store-misses","avgt",1,1,0.000607,NaN,"#/op",100000
"com.lineate.school.SearchBenchmark.hashSet:dTLB-stores","avgt",1,1,12.903098,NaN,"#/op",100000
"com.lineate.school.SearchBenchmark.hashSet:iTLB-load-misses","avgt",1,1,0.000614,NaN,"#/op",100000
"com.lineate.school.SearchBenchmark.hashSet:iTLB-loads","avgt",1,1,0.000520,NaN,"#/op",100000
"com.lineate.school.SearchBenchmark.hashSet:instructions","avgt",1,1,130.362134,NaN,"#/op",100000
"com.lineate.school.SearchBenchmark.hashSet:stalled-cycles-frontend","avgt",1,1,90.888249,NaN,"#/op",100000
"com.lineate.school.SearchBenchmark.ordered","avgt",1,5,18.805712,0.169406,"ns/op",1
"com.lineate.school.SearchBenchmark.ordered:CPI","avgt",1,1,0.579290,NaN,"#/op",1
"com.lineate.school.SearchBenchmark.ordered:L1-dcache-load-misses","avgt",1,1,0.005029,NaN,"#/op",1
"com.lineate.school.SearchBenchmark.ordered:L1-dcache-loads","avgt",1,1,19.163271,NaN,"#/op",1
"com.lineate.school.SearchBenchmark.ordered:L1-dcache-store-misses","avgt",1,1,0.001503,NaN,"#/op",1
"com.lineate.school.SearchBenchmark.ordered:L1-dcache-stores","avgt",1,1,5.076734,NaN,"#/op",1
"com.lineate.school.SearchBenchmark.ordered:L1-icache-load-misses","avgt",1,1,0.004475,NaN,"#/op",1
"com.lineate.school.SearchBenchmark.ordered:LLC-load-misses","avgt",1,1,0.000261,NaN,"#/op",1
"com.lineate.school.SearchBenchmark.ordered:LLC-loads","avgt",1,1,0.001386,NaN,"#/op",1
"com.lineate.school.SearchBenchmark.ordered:LLC-store-misses","avgt",1,1,0.000203,NaN,"#/op",1
"com.lineate.school.SearchBenchmark.ordered:LLC-stores","avgt",1,1,0.000481,NaN,"#/op",1
"com.lineate.school.SearchBenchmark.ordered:branch-misses","avgt",1,1,0.002030,NaN,"#/op",1
"com.lineate.school.SearchBenchmark.ordered:branches","avgt",1,1,10.110685,NaN,"#/op",1
"com.lineate.school.SearchBenchmark.ordered:cycles","avgt",1,1,39.753021,NaN,"#/op",1
"com.lineate.school.SearchBenchmark.ordered:dTLB-loads","avgt",1,1,19.008326,NaN,"#/op",1
"com.lineate.school.SearchBenchmark.ordered:dTLB-store-misses","avgt",1,1,0.000113,NaN,"#/op",1
"com.lineate.school.SearchBenchmark.ordered:dTLB-stores","avgt",1,1,5.058734,NaN,"#/op",1
"com.lineate.school.SearchBenchmark.ordered:iTLB-load-misses","avgt",1,1,0.000285,NaN,"#/op",1
"com.lineate.school.SearchBenchmark.ordered:iTLB-loads","avgt",1,1,0.000132,NaN,"#/op",1
"com.lineate.school.SearchBenchmark.ordered:instructions","avgt",1,1,68.623723,NaN,"#/op",1
"com.lineate.school.SearchBenchmark.ordered:stalled-cycles-frontend","avgt",1,1,20.662568,NaN,"#/op",1
"com.lineate.school.SearchBenchmark.ordered","avgt",1,5,40.507963,2.855370,"ns/op",10
"com.lineate.school.SearchBenchmark.ordered:CPI","avgt",1,1,0.756112,NaN,"#/op",10
"com.lineate.school.SearchBenchmark.ordered:L1-dcache-load-misses","avgt",1,1,0.006905,NaN,"#/op",10
"com.lineate.school.SearchBenchmark.ordered:L1-dcache-loads","avgt",1,1,25.278930,NaN,"#/op",10
"com.lineate.school.SearchBenchmark.ordered:L1-dcache-store-misses","avgt",1,1,0.002381,NaN,"#/op",10
"com.lineate.school.SearchBenchmark.ordered:L1-dcache-stores","avgt",1,1,7.430487,NaN,"#/op",10
"com.lineate.school.SearchBenchmark.ordered:L1-icache-load-misses","avgt",1,1,0.011506,NaN,"#/op",10
"com.lineate.school.SearchBenchmark.ordered:LLC-load-misses","avgt",1,1,0.001664,NaN,"#/op",10
"com.lineate.school.SearchBenchmark.ordered:LLC-loads","avgt",1,1,0.004762,NaN,"#/op",10
"com.lineate.school.SearchBenchmark.ordered:LLC-store-misses","avgt",1,1,0.000283,NaN,"#/op",10
"com.lineate.school.SearchBenchmark.ordered:LLC-stores","avgt",1,1,0.000938,NaN,"#/op",10
"com.lineate.school.SearchBenchmark.ordered:branch-misses","avgt",1,1,0.959756,NaN,"#/op",10
"com.lineate.school.SearchBenchmark.ordered:branches","avgt",1,1,20.902061,NaN,"#/op",10
"com.lineate.school.SearchBenchmark.ordered:cycles","avgt",1,1,85.746103,NaN,"#/op",10
"com.lineate.school.SearchBenchmark.ordered:dTLB-load-misses","avgt",1,1,0.000005,NaN,"#/op",10
"com.lineate.school.SearchBenchmark.ordered:dTLB-loads","avgt",1,1,25.170003,NaN,"#/op",10
"com.lineate.school.SearchBenchmark.ordered:dTLB-store-misses","avgt",1,1,0.000125,NaN,"#/op",10
"com.lineate.school.SearchBenchmark.ordered:dTLB-stores","avgt",1,1,7.470917,NaN,"#/op",10
"com.lineate.school.SearchBenchmark.ordered:iTLB-load-misses","avgt",1,1,0.000716,NaN,"#/op",10
"com.lineate.school.SearchBenchmark.ordered:iTLB-loads","avgt",1,1,0.000385,NaN,"#/op",10
"com.lineate.school.SearchBenchmark.ordered:instructions","avgt",1,1,113.404000,NaN,"#/op",10
"com.lineate.school.SearchBenchmark.ordered:stalled-cycles-frontend","avgt",1,1,21.090283,NaN,"#/op",10
"com.lineate.school.SearchBenchmark.ordered","avgt",1,5,67.541193,0.123561,"ns/op",100
"com.lineate.school.SearchBenchmark.ordered:CPI","avgt",1,1,0.489598,NaN,"#/op",100
"com.lineate.school.SearchBenchmark.ordered:L1-dcache-load-misses","avgt",1,1,0.017761,NaN,"#/op",100
"com.lineate.school.SearchBenchmark.ordered:L1-dcache-loads","avgt",1,1,69.172671,NaN,"#/op",100
"com.lineate.school.SearchBenchmark.ordered:L1-dcache-store-misses","avgt",1,1,0.004101,NaN,"#/op",100
"com.lineate.school.SearchBenchmark.ordered:L1-dcache-stores","avgt",1,1,6.197733,NaN,"#/op",100
"com.lineate.school.SearchBenchmark.ordered:L1-icache-load-misses","avgt",1,1,0.014165,NaN,"#/op",100
"com.lineate.school.SearchBenchmark.ordered:LLC-load-misses","avgt",1,1,0.001300,NaN,"#/op",100
"com.lineate.school.SearchBenchmark.ordered:LLC-loads","avgt",1,1,0.005403,NaN,"#/op",100
"com.lineate.school.SearchBenchmark.ordered:LLC-store-misses","avgt",1,1,0.000766,NaN,"#/op",100
"com.lineate.school.SearchBenchmark.ordered:LLC-stores","avgt",1,1,0.003703,NaN,"#/op",100
"com.lineate.school.SearchBenchmark.ordered:branch-misses","avgt",1,1,1.082251,NaN,"#/op",100
"com.lineate.school.SearchBenchmark.ordered:branches","avgt",1,1,77.653784,NaN,"#/op",100
"com.lineate.school.SearchBenchmark.ordered:cycles","avgt",1,1,143.440749,NaN,"#/op",100
"com.lineate.school.SearchBenchmark.ordered:dTLB-loads","avgt",1,1,68.965558,NaN,"#/op",100
"com.lineate.school.SearchBenchmark.ordered:dTLB-store-misses","avgt",1,1,0.000206,NaN,"#/op",100
"com.lineate.school.SearchBenchmark.ordered:dTLB-stores","avgt",1,1,6.249628,NaN,"#/op",100
"com.lineate.school.SearchBenchmark.ordered:iTLB-load-misses","avgt",1,1,0.000549,NaN,"#/op",100
"com.lineate.school.SearchBenchmark.ordered:iTLB-loads","avgt",1,1,0.000576,NaN,"#/op",100
"com.lineate.school.SearchBenchmark.ordered:instructions","avgt",1,1,292.976335,NaN,"#/op",100
"com.lineate.school.SearchBenchmark.ordered:stalled-cycles-frontend","avgt",1,1,19.656313,NaN,"#/op",100
"com.lineate.school.SearchBenchmark.ordered","avgt",1,5,308.962215,4.012991,"ns/op",1000
"com.lineate.school.SearchBenchmark.ordered:CPI","avgt",1,1,0.352346,NaN,"#/op",1000
"com.lineate.school.SearchBenchmark.ordered:L1-dcache-load-misses","avgt",1,1,0.107971,NaN,"#/op",1000
"com.lineate.school.SearchBenchmark.ordered:L1-dcache-loads","avgt",1,1,524.532293,NaN,"#/op",1000
"com.lineate.school.SearchBenchmark.ordered:L1-dcache-store-misses","avgt",1,1,0.051150,NaN,"#/op",1000
"com.lineate.school.SearchBenchmark.ordered:L1-dcache-stores","avgt",1,1,7.009095,NaN,"#/op",1000
"com.lineate.school.SearchBenchmark.ordered:L1-icache-load-misses","avgt",1,1,0.108094,NaN,"#/op",1000
"com.lineate.school.SearchBenchmark.ordered:LLC-load-misses","avgt",1,1,0.014920,NaN,"#/op",1000
"com.lineate.school.SearchBenchmark.ordered:LLC-loads","avgt",1,1,0.052334,NaN,"#/op",1000
"com.lineate.school.SearchBenchmark.ordered:LLC-store-misses","avgt",1,1,0.002861,NaN,"#/op",1000
"com.lineate.school.SearchBenchmark.ordered:LLC-stores","avgt",1,1,0.004547,NaN,"#/op",1000
"com.lineate.school.SearchBenchmark.ordered:branch-misses","avgt",1,1,1.076542,NaN,"#/op",1000
"com.lineate.school.SearchBenchmark.ordered:branches","avgt",1,1,582.786397,NaN,"#/op",1000
"com.lineate.school.SearchBenchmark.ordered:cycles","avgt",1,1,654.504031,NaN,"#/op",1000
"com.lineate.school.SearchBenchmark.ordered:dTLB-loads","avgt",1,1,520.023176,NaN,"#/op",1000
"com.lineate.school.SearchBenchmark.ordered:dTLB-store-misses","avgt",1,1,0.000884,NaN,"#/op",1000
"com.lineate.school.SearchBenchmark.ordered:dTLB-stores","avgt",1,1,6.849929,NaN,"#/op",1000
"com.lineate.school.SearchBenchmark.ordered:iTLB-load-misses","avgt",1,1,0.006207,NaN,"#/op",1000
"com.lineate.school.SearchBenchmark.ordered:iTLB-loads","avgt",1,1,0.003549,NaN,"#/op",1000
"com.lineate.school.SearchBenchmark.ordered:instructions","avgt",1,1,1857.557918,NaN,"#/op",1000
"com.lineate.school.SearchBenchmark.ordered:stalled-cycles-frontend","avgt",1,1,163.989677,NaN,"#/op",1000
"com.lineate.school.SearchBenchmark.ordered","avgt",1,5,2742.601894,11.161799,"ns/op",10000
"com.lineate.school.SearchBenchmark.ordered:CPI","avgt",1,1,0.327891,NaN,"#/op",10000
"com.lineate.school.SearchBenchmark.ordered:L1-dcache-load-misses","avgt",1,1,94.069747,NaN,"#/op",10000
"com.lineate.school.SearchBenchmark.ordered:L1-dcache-loads","avgt",1,1,5077.602828,NaN,"#/op",10000
"com.lineate.school.SearchBenchmark.ordered:L1-dcache-store-misses","avgt",1,1,1.695027,NaN,"#/op",10000
"com.lineate.school.SearchBenchmark.ordered:L1-dcache-stores","avgt",1,1,12.663750,NaN,"#/op",10000
"com.lineate.school.SearchBenchmark.ordered:L1-icache-load-misses","avgt",1,1,0.500314,NaN,"#/op",10000
"com.lineate.school.SearchBenchmark.ordered:LLC-load-misses","avgt",1,1,0.040188,NaN,"#/op",10000
"com.lineate.school.SearchBenchmark.ordered:LLC-loads","avgt",1,1,0.180524,NaN,"#/op",10000
"com.lineate.school.SearchBenchmark.ordered:LLC-store-misses","avgt",1,1,0.041987,NaN,"#/op",10000
"com.lineate.school.SearchBenchmark.ordered:LLC-stores","avgt",1,1,0.095514,NaN,"#/op",10000
"com.lineate.school.SearchBenchmark.ordered:branch-misses","avgt",1,1,1.477384,NaN,"#/op",10000
"com.lineate.school.SearchBenchmark.ordered:branches","avgt",1,1,5687.064783,NaN,"#/op",10000
"com.lineate.school.SearchBenchmark.ordered:cycles","avgt",1,1,5825.272899,NaN,"#/op",10000
"com.lineate.school.SearchBenchmark.ordered:dTLB-loads","avgt",1,1,5058.937989,NaN,"#/op",10000
"com.lineate.school.SearchBenchmark.ordered:dTLB-store-misses","avgt",1,1,0.006499,NaN,"#/op",10000
"com.lineate.school.SearchBenchmark.ordered:dTLB-stores","avgt",1,1,12.935588,NaN,"#/op",10000
"com.lineate.school.SearchBenchmark.ordered:iTLB-load-misses","avgt",1,1,0.025061,NaN,"#/op",10000
"com.lineate.school.SearchBenchmark.ordered:iTLB-loads","avgt",1,1,0.014763,NaN,"#/op",10000
"com.lineate.school.SearchBenchmark.ordered:instructions","avgt",1,1,17765.891087,NaN,"#/op",10000
"com.lineate.school.SearchBenchmark.ordered:stalled-cycles-frontend","avgt",1,1,2495.751077,NaN,"#/op",10000
"com.lineate.school.SearchBenchmark.ordered","avgt",1,5,27123.976284,367.883034,"ns/op",100000
"com.lineate.school.SearchBenchmark.ordered:CPI","avgt",1,1,0.325101,NaN,"#/op",100000
"com.lineate.school.SearchBenchmark.ordered:L1-dcache-load-misses","avgt",1,1,3121.185643,NaN,"#/op",100000
"com.lineate.school.SearchBenchmark.ordered:L1-dcache-loads","avgt",1,1,50046.401540,NaN,"#/op",100000
"com.lineate.school.SearchBenchmark.ordered:L1-dcache-store-misses","avgt",1,1,14.464848,NaN,"#/op",100000
"com.lineate.school.SearchBenchmark.ordered:L1-dcache-stores","avgt",1,1,61.299056,NaN,"#/op",100000
"com.lineate.school.SearchBenchmark.ordered:L1-icache-load-misses","avgt",1,1,13.833758,NaN,"#/op",100000
"com.lineate.school.SearchBenchmark.ordered:LLC-load-misses","avgt",1,1,0.332386,NaN,"#/op",100000
"com.lineate.school.SearchBenchmark.ordered:LLC-loads","avgt",1,1,63.511683,NaN,"#/op",100000
"com.lineate.school.SearchBenchmark.ordered:LLC-store-misses","avgt",1,1,0.322314,NaN,"#/op",100000
"com.lineate.school.SearchBenchmark.ordered:LLC-stores","avgt",1,1,2.084753,NaN,"#/op",100000
"com.lineate.school.SearchBenchmark.ordered:branch-misses","avgt",1,1,3.888257,NaN,"#/op",100000
"com.lineate.school.SearchBenchmark.ordered:branches","avgt",1,1,56529.994007,NaN,"#/op",100000
"com.lineate.school.SearchBenchmark.ordered:cycles","avgt",1,1,57224.483121,NaN,"#/op",100000
"com.lineate.school.SearchBenchmark.ordered:dTLB-loads","avgt",1,1,49882.599854,NaN,"#/op",100000
"com.lineate.school.SearchBenchmark.ordered:dTLB-store-misses","avgt",1,1,0.099751,NaN,"#/op",100000
"com.lineate.school.SearchBenchmark.ordered:dTLB-stores","avgt",1,1,113.128313,NaN,"#/op",100000
"com.lineate.school.SearchBenchmark.ordered:iTLB-load-misses","avgt",1,1,0.134355,NaN,"#/op",100000
"com.lineate.school.SearchBenchmark.ordered:iTLB-loads","avgt",1,1,0.050420,NaN,"#/op",100000
"com.lineate.school.SearchBenchmark.ordered:instructions","avgt",1,1,176020.562000,NaN,"#/op",100000
"com.lineate.school.SearchBenchmark.ordered:stalled-cycles-frontend","avgt",1,1,25616.666920,NaN,"#/op",100000
"com.lineate.school.SearchBenchmark.orderedBinary","avgt",1,5,18.733273,0.061990,"ns/op",1
"com.lineate.school.SearchBenchmark.orderedBinary:CPI","avgt",1,1,0.537701,NaN,"#/op",1
"com.lineate.school.SearchBenchmark.orderedBinary:L1-dcache-load-misses","avgt",1,1,0.005201,NaN,"#/op",1
"com.lineate.school.SearchBenchmark.orderedBinary:L1-dcache-loads","avgt",1,1,18.284194,NaN,"#/op",1
"com.lineate.school.SearchBenchmark.orderedBinary:L1-dcache-store-misses","avgt",1,1,0.001163,NaN,"#/op",1
"com.lineate.school.SearchBenchmark.orderedBinary:L1-dcache-stores","avgt",1,1,5.075117,NaN,"#/op",1
"com.lineate.school.SearchBenchmark.orderedBinary:L1-icache-load-misses","avgt",1,1,0.005265,NaN,"#/op",1
"com.lineate.school.SearchBenchmark.orderedBinary:LLC-load-misses","avgt",1,1,0.001104,NaN,"#/op",1
"com.lineate.school.SearchBenchmark.orderedBinary:LLC-loads","avgt",1,1,0.001670,NaN,"#/op",1
"com.lineate.school.SearchBenchmark.orderedBinary:LLC-store-misses","avgt",1,1,0.000232,NaN,"#/op",1
"com.lineate.school.SearchBenchmark.orderedBinary:LLC-stores","avgt",1,1,0.000893,NaN,"#/op",1
"com.lineate.school.SearchBenchmark.orderedBinary:branch-misses","avgt",1,1,0.002750,NaN,"#/op",1
"com.lineate.school.SearchBenchmark.orderedBinary:branches","avgt",1,1,11.109565,NaN,"#/op",1
"com.lineate.school.SearchBenchmark.orderedBinary:cycles","avgt",1,1,39.532220,NaN,"#/op",1
"com.lineate.school.SearchBenchmark.orderedBinary:dTLB-loads","avgt",1,1,18.162449,NaN,"#/op",1
"com.lineate.school.SearchBenchmark.orderedBinary:dTLB-store-misses","avgt",1,1,0.000040,NaN,"#/op",1
"com.lineate.school.SearchBenchmark.orderedBinary:dTLB-stores","avgt",1,1,5.069308,NaN,"#/op",1
"com.lineate.school.SearchBenchmark.orderedBinary:iTLB-load-misses","avgt",1,1,0.000126,NaN,"#/op",1
"com.lineate.school.SearchBenchmark.orderedBinary:iTLB-loads","avgt",1,1,0.000101,NaN,"#/op",1
"com.lineate.school.SearchBenchmark.orderedBinary:instructions","avgt",1,1,73.520861,NaN,"#/op",1
"com.lineate.school.SearchBenchmark.orderedBinary:stalled-cycles-frontend","avgt",1,1,19.452510,NaN,"#/op",1
"com.lineate.school.SearchBenchmark.orderedBinary","avgt",1,5,47.364741,0.624232,"ns/op",10
"com.lineate.school.SearchBenchmark.orderedBinary:CPI","avgt",1,1,0.843197,NaN,"#/op",10
"com.lineate.school.SearchBenchmark.orderedBinary:L1-dcache-load-misses","avgt",1,1,0.014864,NaN,"#/op",10
"com.lineate.school.SearchBenchmark.orderedBinary:L1-dcache-loads","avgt",1,1,23.044523,NaN,"#/op",10
"com.lineate.school.SearchBenchmark.orderedBinary:L1-dcache-store-misses","avgt",1,1,0.010348,NaN,"#/op",10
"com.lineate.school.SearchBenchmark.orderedBinary:L1-dcache-stores","avgt",1,1,7.550682,NaN,"#/op",10
"com.lineate.school.SearchBenchmark.orderedBinary:L1-icache-load-misses","avgt",1,1,0.019031,NaN,"#/op",10
"com.lineate.school.SearchBenchmark.orderedBinary:LLC-load-misses","avgt",1,1,0.000945,NaN,"#/op",10
"com.lineate.school.SearchBenchmark.orderedBinary:LLC-loads","avgt",1,1,0.006397,NaN,"#/op",10
"com.lineate.school.SearchBenchmark.orderedBinary:LLC-store-misses","avgt",1,1,0.002774,NaN,"#/op",10
"com.lineate.school.SearchBenchmark.orderedBinary:LLC-stores","avgt",1,1,0.006468,NaN,"#/op",10
"com.lineate.school.SearchBenchmark.orderedBinary:branch-misses","avgt",1,1,1.579365,NaN,"#/op",10
"com.lineate.school.SearchBenchmark.orderedBinary:branches","avgt",1,1,22.318953,NaN,"#/op",10
"com.lineate.school.SearchBenchmark.orderedBinary:cycles","avgt",1,1,99.838338,NaN,"#/op",10
"com.lineate.school.SearchBenchmark.orderedBinary:dTLB-loads","avgt",1,1,22.861617,NaN,"#/op",10
"com.lineate.school.SearchBenchmark.orderedBinary:dTLB-store-misses","avgt",1,1,0.000180,NaN,"#/op",10
"com.lineate.school.SearchBenchmark.orderedBinary:dTLB-stores","avgt",1,1,7.547669,NaN,"#/op",10
"com.lineate.school.SearchBenchmark.orderedBinary:iTLB-load-misses","avgt",1,1,0.042699,NaN,"#/op",10
"com.lineate.school.SearchBenchmark.orderedBinary:iTLB-loads","avgt",1,1,0.004300,NaN,"#/op",10
"com.lineate.school.SearchBenchmark.orderedBinary:instructions","avgt",1,1,118.404502,NaN,"#/op",10
"com.lineate.school.SearchBenchmark.orderedBinary:stalled-cycles-frontend","avgt",1,1,24.939565,NaN,"#/op",10
"com.lineate.school.SearchBenchmark.orderedBinary","avgt",1,5,67.743105,0.030047,"ns/op",100
"com.lineate.school.SearchBenchmark.orderedBinary:CPI","avgt",1,1,0.864098,NaN,"#/op",100
"com.lineate.school.SearchBenchmark.orderedBinary:L1-dcache-load-misses","avgt",1,1,0.008908,NaN,"#/op",100
"com.lineate.school.SearchBenchmark.orderedBinary:L1-dcache-loads","avgt",1,1,27.848081,NaN,"#/op",100
"com.lineate.school.SearchBenchmark.orderedBinary:L1-dcache-store-misses","avgt",1,1,0.005848,NaN,"#/op",100
"com.lineate.school.SearchBenchmark.orderedBinary:L1-dcache-stores","avgt",1,1,6.118996,NaN,"#/op",100
"com.lineate.school.SearchBenchmark.orderedBinary:L1-icache-load-misses","avgt",1,1,0.009159,NaN,"#/op",100
"com.lineate.school.SearchBenchmark.orderedBinary:LLC-load-misses","avgt",1,1,0.001114,NaN,"#/op",100
"com.lineate.school.SearchBenchmark.orderedBinary:LLC-loads","avgt",1,1,0.004231,NaN,"#/op",100
"com.lineate.school.SearchBenchmark.orderedBinary:LLC-store-misses","avgt",1,1,0.000602,NaN,"#/op",100
"com.lineate.school.SearchBenchmark.orderedBinary:LLC-stores","avgt",1,1,0.002450,NaN,"#/op",100
"com.lineate.school.SearchBenchmark.orderedBinary:branch-misses","avgt",1,1,3.074060,NaN,"#/op",100
"com.lineate.school.SearchBenchmark.orderedBinary:branches","avgt",1,1,34.216852,NaN,"#/op",100
"com.lineate.school.SearchBenchmark.orderedBinary:cycles","avgt",1,1,144.334009,NaN,"#/op",100
"com.lineate.school.SearchBenchmark.orderedBinary:dTLB-load-misses","avgt",1,1,0.000020,NaN,"#/op",100
"com.lineate.school.SearchBenchmark.orderedBinary:dTLB-loads","avgt",1,1,28.133448,NaN,"#/op",100
"com.lineate.school.SearchBenchmark.orderedBinary:dTLB-store-misses","avgt",1,1,0.000159,NaN,"#/op",100
"com.lineate.school.SearchBenchmark.orderedBinary:dTLB-stores","avgt",1,1,6.275486,NaN,"#/op",100
"com.lineate.school.SearchBenchmark.orderedBinary:iTLB-load-misses","avgt",1,1,0.010029,NaN,"#/op",100
"com.lineate.school.SearchBenchmark.orderedBinary:iTLB-loads","avgt",1,1,0.007273,NaN,"#/op",100
"com.lineate.school.SearchBenchmark.orderedBinary:instructions","avgt",1,1,167.034370,NaN,"#/op",100
"com.lineate.school.SearchBenchmark.orderedBinary:stalled-cycles-frontend","avgt",1,1,38.613742,NaN,"#/op",100
"com.lineate.school.SearchBenchmark.orderedBinary","avgt",1,5,104.829092,0.128598,"ns/op",1000
"com.lineate.school.SearchBenchmark.orderedBinary:CPI","avgt",1,1,1.011313,NaN,"#/op",1000
"com.lineate.school.SearchBenchmark.orderedBinary:L1-dcache-load-misses","avgt",1,1,0.047179,NaN,"#/op",1000
"com.lineate.school.SearchBenchmark.orderedBinary:L1-dcache-loads","avgt",1,1,34.599746,NaN,"#/op",1000
"com.lineate.school.SearchBenchmark.orderedBinary:L1-dcache-store-misses","avgt",1,1,0.014058,NaN,"#/op",1000
"com.lineate.school.SearchBenchmark.orderedBinary:L1-dcache-stores","avgt",1,1,6.386056,NaN,"#/op",1000
"com.lineate.school.SearchBenchmark.orderedBinary:L1-icache-load-misses","avgt",1,1,0.034597,NaN,"#/op",1000
"com.lineate.school.SearchBenchmark.orderedBinary:LLC-load-misses","avgt",1,1,0.002052,NaN,"#/op",1000
"com.lineate.school.SearchBenchmark.orderedBinary:LLC-loads","avgt",1,1,0.011394,NaN,"#/op",1000
"com.lineate.school.SearchBenchmark.orderedBinary:LLC-store-misses","avgt",1,1,0.000471,NaN,"#/op",1000
"com.lineate.school.SearchBenchmark.orderedBinary:LLC-stores","avgt",1,1,0.000870,NaN,"#/op",1000
"com.lineate.school.SearchBenchmark.orderedBinary:branch-misses","avgt",1,1,5.155904,NaN,"#/op",1000
"com.lineate.school.SearchBenchmark.orderedBinary:branches","avgt",1,1,47.414154,NaN,"#/op",1000
"com.lineate.school.SearchBenchmark.orderedBinary:cycles","avgt",1,1,221.864674,NaN,"#/op",1000
"com.lineate.school.SearchBenchmark.orderedBinary:dTLB-loads","avgt",1,1,34.396139,NaN,"#/op",1000
"com.lineate.school.SearchBenchmark.orderedBinary:dTLB-store-misses","avgt",1,1,0.000272,NaN,"#/op",1000
"com.lineate.school.SearchBenchmark.orderedBinary:dTLB-stores","avgt",1,1,6.270736,NaN,"#/op",1000
"com.lineate.school.SearchBenchmark.orderedBinary:iTLB-load-misses","avgt",1,1,0.014404,NaN,"#/op",1000
"com.lineate.school.SearchBenchmark.orderedBinary:iTLB-loads","avgt",1,1,0.001496,NaN,"#/op",1000
"com.lineate.school.SearchBenchmark.orderedBinary:instructions","avgt",1,1,219.382811,NaN,"#/op",1000
"com.lineate.school.SearchBenchmark.orderedBinary:stalled-cycles-frontend","avgt",1,1,74.328013,NaN,"#/op",1000
"com.lineate.school.SearchBenchmark.orderedBinary","avgt",1,5,131.037881,0.167771,"ns/op",10000
"com.lineate.school.SearchBenchmark.orderedBinary:CPI","avgt",1,1,0.995471,NaN,"#/op",10000
"com.lineate.school.SearchBenchmark.orderedBinary:L1-dcache-load-misses","avgt",1,1,1.099728,NaN,"#/op",10000
"com.lineate.school.SearchBenchmark.orderedBinary:L1-dcache-loads","avgt",1,1,41.822225,NaN,"#/op",10000
"com.lineate.school.SearchBenchmark.orderedBinary:L1-dcache-store-misses","avgt",1,1,0.042296,NaN,"#/op",10000
"com.lineate.school.SearchBenchmark.orderedBinary:L1-dcache-stores","avgt",1,1,6.495948,NaN,"#/op",10000
"com.lineate.school.SearchBenchmark.orderedBinary:L1-icache-load-misses","avgt",1,1,0.066746,NaN,"#/op",10000
"com.lineate.school.SearchBenchmark.orderedBinary:LLC-load-misses","avgt",1,1,0.003374,NaN,"#/op",10000
"com.lineate.school.SearchBenchmark.orderedBinary:LLC-loads","avgt",1,1,0.022205,NaN,"#/op",10000
"com.lineate.school.SearchBenchmark.orderedBinary:LLC-store-misses","avgt",1,1,0.005393,NaN,"#/op",10000
"com.lineate.school.SearchBenchmark.orderedBinary:LLC-stores","avgt",1,1,0.003230,NaN,"#/op",10000
"com.lineate.school.SearchBenchmark.orderedBinary:branch-misses","avgt",1,1,7.263508,NaN,"#/op",10000
"com.lineate.school.SearchBenchmark.orderedBinary:branches","avgt",1,1,60.934111,NaN,"#/op",10000
"com.lineate.school.SearchBenchmark.orderedBinary:cycles","avgt",1,1,276.350008,NaN,"#/op",10000
"com.lineate.school.SearchBenchmark.orderedBinary:dTLB-loads","avgt",1,1,41.485675,NaN,"#/op",10000
"com.lineate.school.SearchBenchmark.orderedBinary:dTLB-store-misses","avgt",1,1,0.000265,NaN,"#/op",10000
"com.lineate.school.SearchBenchmark.orderedBinary:dTLB-stores","avgt",1,1,6.362071,NaN,"#/op",10000
"com.lineate.school.SearchBenchmark.orderedBinary:iTLB-load-misses","avgt",1,1,0.018089,NaN,"#/op",10000
"com.lineate.school.SearchBenchmark.orderedBinary:iTLB-loads","avgt",1,1,0.000720,NaN,"#/op",10000
"com.lineate.school.SearchBenchmark.orderedBinary:instructions","avgt",1,1,277.607188,NaN,"#/op",10000
"com.lineate.school.SearchBenchmark.orderedBinary:stalled-cycles-frontend","avgt",1,1,86.099477,NaN,"#/op",10000
"com.lineate.school.SearchBenchmark.orderedBinary","avgt",1,5,177.919763,0.238237,"ns/op",100000
"com.lineate.school.SearchBenchmark.orderedBinary:CPI","avgt",1,1,1.126399,NaN,"#/op",100000
"com.lineate.school.SearchBenchmark.orderedBinary:L1-dcache-load-misses","avgt",1,1,9.084767,NaN,"#/op",100000
"com.lineate.school.SearchBenchmark.orderedBinary:L1-dcache-loads","avgt",1,1,48.578975,NaN,"#/op",100000
"com.lineate.school.SearchBenchmark.orderedBinary:L1-dcache-store-misses","avgt",1,1,0.046492,NaN,"#/op",100000
"com.lineate.school.SearchBenchmark.orderedBinary:L1-dcache-stores","avgt",1,1,6.466209,NaN,"#/op",100000
"com.lineate.school.SearchBenchmark.orderedBinary:L1-icache-load-misses","avgt",1,1,0.062747,NaN,"#/op",100000
"com.lineate.school.SearchBenchmark.orderedBinary:LLC-load-misses","avgt",1,1,0.005859,NaN,"#/op",100000
"com.lineate.school.SearchBenchmark.orderedBinary:LLC-loads","avgt",1,1,1.932170,NaN,"#/op",100000
"com.lineate.school.SearchBenchmark.orderedBinary:LLC-store-misses","avgt",1,1,0.001232,NaN,"#/op",100000
"com.lineate.school.SearchBenchmark.orderedBinary:LLC-stores","avgt",1,1,0.008997,NaN,"#/op",100000
"com.lineate.school.SearchBenchmark.orderedBinary:branch-misses","avgt",1,1,8.928956,NaN,"#/op",100000
"com.lineate.school.SearchBenchmark.orderedBinary:branches","avgt",1,1,74.071954,NaN,"#/op",100000
"com.lineate.school.SearchBenchmark.orderedBinary:cycles","avgt",1,1,372.480699,NaN,"#/op",100000
"com.lineate.school.SearchBenchmark.orderedBinary:dTLB-loads","avgt",1,1,47.872131,NaN,"#/op",100000
"com.lineate.school.SearchBenchmark.orderedBinary:dTLB-store-misses","avgt",1,1,0.000791,NaN,"#/op",100000
"com.lineate.school.SearchBenchmark.orderedBinary:dTLB-stores","avgt",1,1,6.384817,NaN,"#/op",100000
"com.lineate.school.SearchBenchmark.orderedBinary:iTLB-load-misses","avgt",1,1,0.206785,NaN,"#/op",100000
"com.lineate.school.SearchBenchmark.orderedBinary:iTLB-loads","avgt",1,1,0.002455,NaN,"#/op",100000
"com.lineate.school.SearchBenchmark.orderedBinary:instructions","avgt",1,1,330.682869,NaN,"#/op",100000
"com.lineate.school.SearchBenchmark.orderedBinary:stalled-cycles-frontend","avgt",1,1,121.379021,NaN,"#/op",100000
"com.lineate.school.SearchBenchmark.randomized","avgt",1,5,18.841590,0.027040,"ns/op",1
"com.lineate.school.SearchBenchmark.randomized:CPI","avgt",1,1,0.584964,NaN,"#/op",1
"com.lineate.school.SearchBenchmark.randomized:L1-dcache-load-misses","avgt",1,1,0.007022,NaN,"#/op",1
"com.lineate.school.SearchBenchmark.randomized:L1-dcache-loads","avgt",1,1,19.181813,NaN,"#/op",1
"com.lineate.school.SearchBenchmark.randomized:L1-dcache-store-misses","avgt",1,1,0.002346,NaN,"#/op",1
"com.lineate.school.SearchBenchmark.randomized:L1-dcache-stores","avgt",1,1,5.107937,NaN,"#/op",1
"com.lineate.school.SearchBenchmark.randomized:L1-icache-load-misses","avgt",1,1,0.006255,NaN,"#/op",1
"com.lineate.school.SearchBenchmark.randomized:LLC-load-misses","avgt",1,1,0.000697,NaN,"#/op",1
"com.lineate.school.SearchBenchmark.randomized:LLC-loads","avgt",1,1,0.002026,NaN,"#/op",1
"com.lineate.school.SearchBenchmark.randomized:LLC-store-misses","avgt",1,1,0.000068,NaN,"#/op",1
"com.lineate.school.SearchBenchmark.randomized:LLC-stores","avgt",1,1,0.000119,NaN,"#/op",1
"com.lineate.school.SearchBenchmark.randomized:branch-misses","avgt",1,1,0.003366,NaN,"#/op",1
"com.lineate.school.SearchBenchmark.randomized:branches","avgt",1,1,10.106322,NaN,"#/op",1
"com.lineate.school.SearchBenchmark.randomized:cycles","avgt",1,1,40.116773,NaN,"#/op",1
"com.lineate.school.SearchBenchmark.randomized:dTLB-load-misses","avgt",1,1,0.000002,NaN,"#/op",1
"com.lineate.school.SearchBenchmark.randomized:dTLB-loads","avgt",1,1,19.095991,NaN,"#/op",1
"com.lineate.school.SearchBenchmark.randomized:dTLB-store-misses","avgt",1,1,0.000174,NaN,"#/op",1
"com.lineate.school.SearchBenchmark.randomized:dTLB-stores","avgt",1,1,5.043080,NaN,"#/op",1
"com.lineate.school.SearchBenchmark.randomized:iTLB-load-misses","avgt",1,1,0.000203,NaN,"#/op",1
"com.lineate.school.SearchBenchmark.randomized:iTLB-loads","avgt",1,1,0.000139,NaN,"#/op",1
"com.lineate.school.SearchBenchmark.randomized:instructions","avgt",1,1,68.579929,NaN,"#/op",1
"com.lineate.school.SearchBenchmark.randomized:stalled-cycles-frontend","avgt",1,1,20.620501,NaN,"#/op",1
"com.lineate.school.SearchBenchmark.randomized","avgt",1,5,40.463183,2.669666,"ns/op",10
"com.lineate.school.SearchBenchmark.randomized:CPI","avgt",1,1,0.760063,NaN,"#/op",10
"com.lineate.school.SearchBenchmark.randomized:L1-dcache-load-misses","avgt",1,1,0.015997,NaN,"#/op",10
"com.lineate.school.SearchBenchmark.randomized:L1-dcache-loads","avgt",1,1,25.168824,NaN,"#/op",10
"com.lineate.school.SearchBenchmark.randomized:L1-dcache-store-misses","avgt",1,1,0.001822,NaN,"#/op",10
"com.lineate.school.SearchBenchmark.randomized:L1-dcache-stores","avgt",1,1,7.522209,NaN,"#/op",10
"com.lineate.school.SearchBenchmark.randomized:L1-icache-load-misses","avgt",1,1,0.005891,NaN,"#/op",10
"com.lineate.school.SearchBenchmark.randomized:LLC-load-misses","avgt",1,1,0.000846,NaN,"#/op",10
"com.lineate.school.SearchBenchmark.randomized:LLC-loads","avgt",1,1,0.001286,NaN,"#/op",10
"com.lineate.school.SearchBenchmark.randomized:LLC-store-misses","avgt",1,1,0.000386,NaN,"#/op",10
"com.lineate.school.SearchBenchmark.randomized:LLC-stores","avgt",1,1,0.000907,NaN,"#/op",10
"com.lineate.school.SearchBenchmark.randomized:branch-misses","avgt",1,1,0.959902,NaN,"#/op",10
"com.lineate.school.SearchBenchmark.randomized:branches","avgt",1,1,20.853811,NaN,"#/op",10
"com.lineate.school.SearchBenchmark.randomized:cycles","avgt",1,1,85.504080,NaN,"#/op",10
"com.lineate.school.SearchBenchmark.randomized:dTLB-loads","avgt",1,1,24.925920,NaN,"#/op",10
"com.lineate.school.SearchBenchmark.randomized:dTLB-store-misses","avgt",1,1,0.000135,NaN,"#/op",10
"com.lineate.school.SearchBenchmark.randomized:dTLB-stores","avgt",1,1,7.452116,NaN,"#/op",10
"com.lineate.school.SearchBenchmark.randomized:iTLB-load-misses","avgt",1,1,0.000518,NaN,"#/op",10
"com.lineate.school.SearchBenchmark.randomized:iTLB-loads","avgt",1,1,0.000330,NaN,"#/op",10
"com.lineate.school.SearchBenchmark.randomized:instructions","avgt",1,1,112.496007,NaN,"#/op",10
"com.lineate.school.SearchBenchmark.randomized:stalled-cycles-frontend","avgt",1,1,21.719742,NaN,"#/op",10
"com.lineate.school.SearchBenchmark.randomized","avgt",1,5,67.566721,0.030526,"ns/op",100
"com.lineate.school.SearchBenchmark.randomized:CPI","avgt",1,1,0.490962,NaN,"#/op",100
"com.lineate.school.SearchBenchmark.randomized:L1-dcache-load-misses","avgt",1,1,0.017425,NaN,"#/op",100
"com.lineate.school.SearchBenchmark.randomized:L1-dcache-loads","avgt",1,1,69.185356,NaN,"#/op",100
"com.lineate.school.SearchBenchmark.randomized:L1-dcache-store-misses","avgt",1,1,0.003725,NaN,"#/op",100
"com.lineate.school.SearchBenchmark.randomized:L1-dcache-stores","avgt",1,1,6.254644,NaN,"#/op",100
"com.lineate.school.SearchBenchmark.randomized:L1-icache-load-misses","avgt",1,1,0.018977,NaN,"#/op",100
"com.lineate.school.SearchBenchmark.randomized:LLC-load-misses","avgt",1,1,0.000699,NaN,"#/op",100
"com.lineate.school.SearchBenchmark.randomized:LLC-loads","avgt",1,1,0.004630,NaN,"#/op",100
"com.lineate.school.SearchBenchmark.randomized:LLC-store-misses","avgt",1,1,0.000604,NaN,"#/op",100
"com.lineate.school.SearchBenchmark.randomized:LLC-stores","avgt",1,1,0.001203,NaN,"#/op",100
"com.lineate.school.SearchBenchmark.randomized:branch-misses","avgt",1,1,1.088319,NaN,"#/op",100
"com.lineate.school.SearchBenchmark.randomized:branches","avgt",1,1,77.325252,NaN,"#/op",100
"com.lineate.school.SearchBenchmark.randomized:cycles","avgt",1,1,143.328312,NaN,"#/op",100
"com.lineate.school.SearchBenchmark.randomized:dTLB-load-misses","avgt",1,1,0.000049,NaN,"#/op",100
"com.lineate.school.SearchBenchmark.randomized:dTLB-loads","avgt",1,1,68.830558,NaN,"#/op",100
"com.lineate.school.SearchBenchmark.randomized:dTLB-store-misses","avgt",1,1,0.000171,NaN,"#/op",100
"com.lineate.school.SearchBenchmark.randomized:dTLB-stores","avgt",1,1,6.191828,NaN,"#/op",100
"com.lineate.school.SearchBenchmark.randomized:iTLB-load-misses","avgt",1,1,0.000295,NaN,"#/op",100
"com.lineate.school.SearchBenchmark.randomized:iTLB-loads","avgt",1,1,0.000683,NaN,"#/op",100
"com.lineate.school.SearchBenchmark.randomized:instructions","avgt",1,1,291.933441,NaN,"#/op",100
"com.lineate.school.SearchBenchmark.randomized:stalled-cycles-frontend","avgt",1,1,19.629016,NaN,"#/op",100
"com.lineate.school.SearchBenchmark.randomized","avgt",1,5,308.707868,0.209539,"ns/op",1000
"com.lineate.school.SearchBenchmark.randomized:CPI","avgt",1,1,0.350357,NaN,"#/op",1000
"com.lineate.school.SearchBenchmark.randomized:L1-dcache-load-misses","avgt",1,1,0.084071,NaN,"#/op",1000
"com.lineate.school.SearchBenchmark.randomized:L1-dcache-loads","avgt",1,1,526.461526,NaN,"#/op",1000
"com.lineate.school.SearchBenchmark.randomized:L1-dcache-store-misses","avgt",1,1,0.025884,NaN,"#/op",1000
"com.lineate.school.SearchBenchmark.randomized:L1-dcache-stores","avgt",1,1,6.781304,NaN,"#/op",1000
"com.lineate.school.SearchBenchmark.randomized:L1-icache-load-misses","avgt",1,1,0.096522,NaN,"#/op",1000
"com.lineate.school.SearchBenchmark.randomized:LLC-load-misses","avgt",1,1,0.012492,NaN,"#/op",1000
"com.lineate.school.SearchBenchmark.randomized:LLC-loads","avgt",1,1,0.026205,NaN,"#/op",1000
"com.lineate.school.SearchBenchmark.randomized:LLC-store-misses","avgt",1,1,0.004828,NaN,"#/op",1000
"com.lineate.school.SearchBenchmark.randomized:LLC-stores","avgt",1,1,0.010888,NaN,"#/op",1000
"com.lineate.school.SearchBenchmark.randomized:branch-misses","avgt",1,1,1.087554,NaN,"#/op",1000
"com.lineate.school.SearchBenchmark.randomized:branches","avgt",1,1,582.404099,NaN,"#/op",1000
"com.lineate.school.SearchBenchmark.randomized:cycles","avgt",1,1,651.242373,NaN,"#/op",1000
"com.lineate.school.SearchBenchmark.randomized:dTLB-load-misses","avgt",1,1,0.000255,NaN,"#/op",1000
"com.lineate.school.SearchBenchmark.randomized:dTLB-loads","avgt",1,1,521.808948,NaN,"#/op",1000
"com.lineate.school.SearchBenchmark.randomized:dTLB-store-misses","avgt",1,1,0.001427,NaN,"#/op",1000
"com.lineate.school.SearchBenchmark.randomized:dTLB-stores","avgt",1,1,6.966730,NaN,"#/op",1000
"com.lineate.school.SearchBenchmark.randomized:iTLB-load-misses","avgt",1,1,0.001310,NaN,"#/op",1000
"com.lineate.school.SearchBenchmark.randomized:iTLB-loads","avgt",1,1,0.001485,NaN,"#/op",1000
"com.lineate.school.SearchBenchmark.randomized:instructions","avgt",1,1,1858.796368,NaN,"#/op",1000
"com.lineate.school.SearchBenchmark.randomized:stalled-cycles-frontend","avgt",1,1,161.416054,NaN,"#/op",1000
"com.lineate.school.SearchBenchmark.randomized","avgt",1,5,2739.884472,10.418650,"ns/op",10000
"com.lineate.school.SearchBenchmark.randomized:CPI","avgt",1,1,0.327277,NaN,"#/op",10000
"com.lineate.school.SearchBenchmark.randomized:L1-dcache-load-misses","avgt",1,1,97.003483,NaN,"#/op",10000
"com.lineate.school.SearchBenchmark.randomized:L1-dcache-loads","avgt",1,1,5075.441118,NaN,"#/op",10000
"com.lineate.school.SearchBenchmark.randomized:L1-dcache-store-misses","avgt",1,1,2.015825,NaN,"#/op",10000
"com.lineate.school.SearchBenchmark.randomized:L1-dcache-stores","avgt",1,1,14.669482,NaN,"#/op",10000
"com.lineate.school.SearchBenchmark.randomized:L1-icache-load-misses","avgt",1,1,0.840163,NaN,"#/op",10000
"com.lineate.school.SearchBenchmark.randomized:LLC-load-misses","avgt",1,1,0.051954,NaN,"#/op",10000
"com.lineate.school.SearchBenchmark.randomized:LLC-loads","avgt",1,1,0.251747,NaN,"#/op",10000
"com.lineate.school.SearchBenchmark.randomized:LLC-store-misses","avgt",1,1,0.056221,NaN,"#/op",10000
"com.lineate.school.SearchBenchmark.randomized:LLC-stores","avgt",1,1,0.213828,NaN,"#/op",10000
"com.lineate.school.SearchBenchmark.randomized:branch-misses","avgt",1,1,1.495948,NaN,"#/op",10000
"com.lineate.school.SearchBenchmark.randomized:branches","avgt",1,1,5670.052958,NaN,"#/op",10000
"com.lineate.school.SearchBenchmark.randomized:cycles","avgt",1,1,5784.937847,NaN,"#/op",10000
"com.lineate.school.SearchBenchmark.randomized:dTLB-load-misses","avgt",1,1,0.000608,NaN,"#/op",10000
"com.lineate.school.SearchBenchmark.randomized:dTLB-loads","avgt",1,1,5052.708315,NaN,"#/op",10000
"com.lineate.school.SearchBenchmark.randomized:dTLB-store-misses","avgt",1,1,0.005985,NaN,"#/op",10000
"com.lineate.school.SearchBenchmark.randomized:dTLB-stores","avgt",1,1,15.743448,NaN,"#/op",10000
"com.lineate.school.SearchBenchmark.randomized:iTLB-load-misses","avgt",1,1,0.018581,NaN,"#/op",10000
"com.lineate.school.SearchBenchmark.randomized:iTLB-loads","avgt",1,1,0.017154,NaN,"#/op",10000
"com.lineate.school.SearchBenchmark.randomized:instructions","avgt",1,1,17675.981699,NaN,"#/op",10000
"com.lineate.school.SearchBenchmark.randomized:stalled-cycles-frontend","avgt",1,1,2476.708409,NaN,"#/op",10000
"com.lineate.school.SearchBenchmark.randomized","avgt",1,5,27133.773805,186.280386,"ns/op",100000
"com.lineate.school.SearchBenchmark.randomized:CPI","avgt",1,1,0.324540,NaN,"#/op",100000
"com.lineate.school.SearchBenchmark.randomized:L1-dcache-load-misses","avgt",1,1,3134.836022,NaN,"#/op",100000
"com.lineate.school.SearchBenchmark.randomized:L1-dcache-loads","avgt",1,1,50130.131148,NaN,"#/op",100000
"com.lineate.school.SearchBenchmark.randomized:L1-dcache-store-misses","avgt",1,1,10.143524,NaN,"#/op",100000
"com.lineate.school.SearchBenchmark.randomized:L1-dcache-stores","avgt",1,1,81.704472,NaN,"#/op",100000
"com.lineate.school.SearchBenchmark.randomized:L1-icache-load-misses","avgt",1,1,15.449110,NaN,"#/op",100000
"com.lineate.school.SearchBenchmark.randomized:LLC-load-misses","avgt",1,1,0.844339,NaN,"#/op",100000
"com.lineate.school.SearchBenchmark.randomized:LLC-loads","avgt",1,1,67.643412,NaN,"#/op",100000
"com.lineate.school.SearchBenchmark.randomized:LLC-store-misses","avgt",1,1,0.177276,NaN,"#/op",100000
"com.lineate.school.SearchBenchmark.randomized:LLC-stores","avgt",1,1,2.430332,NaN,"#/op",100000
"com.lineate.school.SearchBenchmark.randomized:branch-misses","avgt",1,1,5.124409,NaN,"#/op",100000
"com.lineate.school.SearchBenchmark.randomized:branches","avgt",1,1,56108.777078,NaN,"#/op",100000
"com.lineate.school.SearchBenchmark.randomized:cycles","avgt",1,1,56764.094796,NaN,"#/op",100000
"com.lineate.school.SearchBenchmark.randomized:dTLB-load-misses","avgt",1,1,0.039759,NaN,"#/op",100000
"com.lineate.school.SearchBenchmark.randomized:dTLB-loads","avgt",1,1,50036.287427,NaN,"#/op",100000
"com.lineate.school.SearchBenchmark.randomized:dTLB-store-misses","avgt",1,1,0.010786,NaN,"#/op",100000
"com.lineate.school.SearchBenchmark.randomized:dTLB-stores","avgt",1,1,52.586416,NaN,"#/op",100000
"com.lineate.school.SearchBenchmark.randomized:iTLB-load-misses","avgt",1,1,0.048928,NaN,"#/op",100000
"com.lineate.school.SearchBenchmark.randomized:iTLB-loads","avgt",1,1,0.001400,NaN,"#/op",100000
"com.lineate.school.SearchBenchmark.randomized:instructions","avgt",1,1,174906.424728,NaN,"#/op",100000
"com.lineate.school.SearchBenchmark.randomized:stalled-cycles-frontend","avgt",1,1,25286.738540,NaN,"#/op",100000
"com.lineate.school.SearchBenchmark.treeSet","avgt",1,5,19.216948,0.018045,"ns/op",1
"com.lineate.school.SearchBenchmark.treeSet:CPI","avgt",1,1,0.434502,NaN,"#/op",1
"com.lineate.school.SearchBenchmark.treeSet:L1-dcache-load-misses","avgt",1,1,0.008266,NaN,"#/op",1
"com.lineate.school.SearchBenchmark.treeSet:L1-dcache-loads","avgt",1,1,25.273092,NaN,"#/op",1
"com.lineate.school.SearchBenchmark.treeSet:L1-dcache-store-misses","avgt",1,1,0.001740,NaN,"#/op",1
"com.lineate.school.SearchBenchmark.treeSet:L1-dcache-stores","avgt",1,1,5.096466,NaN,"#/op",1
"com.lineate.school.SearchBenchmark.treeSet:L1-icache-load-misses","avgt",1,1,0.004617,NaN,"#/op",1
"com.lineate.school.SearchBenchmark.treeSet:LLC-load-misses","avgt",1,1,0.000393,NaN,"#/op",1
"com.lineate.school.SearchBenchmark.treeSet:LLC-loads","avgt",1,1,0.002361,NaN,"#/op",1
"com.lineate.school.SearchBenchmark.treeSet:LLC-store-misses","avgt",1,1,0.000044,NaN,"#/op",1
"com.lineate.school.SearchBenchmark.treeSet:LLC-stores","avgt",1,1,0.000195,NaN,"#/op",1
"com.lineate.school.SearchBenchmark.treeSet:branch-misses","avgt",1,1,0.003689,NaN,"#/op",1
"com.lineate.school.SearchBenchmark.treeSet:branches","avgt",1,1,16.191354,NaN,"#/op",1
"com.lineate.school.SearchBenchmark.treeSet:cycles","avgt",1,1,40.834075,NaN,"#/op",1
"com.lineate.school.SearchBenchmark.treeSet:dTLB-loads","avgt",1,1,25.118532,NaN,"#/op",1
"com.lineate.school.SearchBenchmark.treeSet:dTLB-store-misses","avgt",1,1,0.000053,NaN,"#/op",1
"com.lineate.school.SearchBenchmark.treeSet:dTLB-stores","avgt",1,1,5.041136,NaN,"#/op",1
"com.lineate.school.SearchBenchmark.treeSet:iTLB-load-misses","avgt",1,1,0.000212,NaN,"#/op",1
"com.lineate.school.SearchBenchmark.treeSet:iTLB-loads","avgt",1,1,0.000176,NaN,"#/op",1
"com.lineate.school.SearchBenchmark.treeSet:instructions","avgt",1,1,93.978994,NaN,"#/op",1
"com.lineate.school.SearchBenchmark.treeSet:stalled-cycles-frontend","avgt",1,1,16.466472,NaN,"#/op",1
"com.lineate.school.SearchBenchmark.treeSet","avgt",1,5,51.929387,0.119956,"ns/op",10
"com.lineate.school.SearchBenchmark.treeSet:CPI","avgt",1,1,0.717776,NaN,"#/op",10
"com.lineate.school.SearchBenchmark.treeSet:L1-dcache-load-misses","avgt",1,1,0.021494,NaN,"#/op",10
"com.lineate.school.SearchBenchmark.treeSet:L1-dcache-loads","avgt",1,1,35.311000,NaN,"#/op",10
"com.lineate.school.SearchBenchmark.treeSet:L1-dcache-store-misses","avgt",1,1,0.010219,NaN,"#/op",10
"com.lineate.school.SearchBenchmark.treeSet:L1-dcache-stores","avgt",1,1,6.211051,NaN,"#/op",10
"com.lineate.school.SearchBenchmark.treeSet:L1-icache-load-misses","avgt",1,1,0.021076,NaN,"#/op",10
"com.lineate.school.SearchBenchmark.treeSet:LLC-load-misses","avgt",1,1,0.001883,NaN,"#/op",10
"com.lineate.school.SearchBenchmark.treeSet:LLC-loads","avgt",1,1,0.006223,NaN,"#/op",10
"com.lineate.school.SearchBenchmark.treeSet:LLC-store-misses","avgt",1,1,0.001606,NaN,"#/op",10
"com.lineate.school.SearchBenchmark.treeSet:LLC-stores","avgt",1,1,0.000891,NaN,"#/op",10
"com.lineate.school.SearchBenchmark.treeSet:branch-misses","avgt",1,1,1.175659,NaN,"#/op",10
"com.lineate.school.SearchBenchmark.treeSet:branches","avgt",1,1,38.118367,NaN,"#/op",10
"com.lineate.school.SearchBenchmark.treeSet:cycles","avgt",1,1,109.142000,NaN,"#/op",10
"com.lineate.school.SearchBenchmark.treeSet:dTLB-loads","avgt",1,1,35.217691,NaN,"#/op",10
"com.lineate.school.SearchBenchmark.treeSet:dTLB-store-misses","avgt",1,1,0.000120,NaN,"#/op",10
"com.lineate.school.SearchBenchmark.treeSet:dTLB-stores","avgt",1,1,6.193455,NaN,"#/op",10
"com.lineate.school.SearchBenchmark.treeSet:iTLB-load-misses","avgt",1,1,0.010917,NaN,"#/op",10
"com.lineate.school.SearchBenchmark.treeSet:iTLB-loads","avgt",1,1,0.000412,NaN,"#/op",10
"com.lineate.school.SearchBenchmark.treeSet:instructions","avgt",1,1,152.055757,NaN,"#/op",10
"com.lineate.school.SearchBenchmark.treeSet:stalled-cycles-frontend","avgt",1,1,25.119114,NaN,"#/op",10
"com.lineate.school.SearchBenchmark.treeSet","avgt",1,5,83.460897,0.089268,"ns/op",100
"com.lineate.school.SearchBenchmark.treeSet:CPI","avgt",1,1,0.821868,NaN,"#/op",100
"com.lineate.school.SearchBenchmark.treeSet:L1-dcache-load-misses","avgt",1,1,0.022094,NaN,"#/op",100
"com.lineate.school.SearchBenchmark.treeSet:L1-dcache-loads","avgt",1,1,51.749630,NaN,"#/op",100
"com.lineate.school.SearchBenchmark.treeSet:L1-dcache-store-misses","avgt",1,1,0.009584,NaN,"#/op",100
"com.lineate.school.SearchBenchmark.treeSet:L1-dcache-stores","avgt",1,1,6.308787,NaN,"#/op",100
"com.lineate.school.SearchBenchmark.treeSet:L1-icache-load-misses","avgt",1,1,0.028963,NaN,"#/op",100
"com.lineate.school.SearchBenchmark.treeSet:LLC-load-misses","avgt",1,1,0.000709,NaN,"#/op",100
"com.lineate.school.SearchBenchmark.treeSet:LLC-loads","avgt",1,1,0.008926,NaN,"#/op",100
"com.lineate.school.SearchBenchmark.treeSet:LLC-store-misses","avgt",1,1,0.000867,NaN,"#/op",100
"com.lineate.school.SearchBenchmark.treeSet:LLC-stores","avgt",1,1,0.002151,NaN,"#/op",100
"com.lineate.school.SearchBenchmark.treeSet:branch-misses","avgt",1,1,2.590022,NaN,"#/op",100
"com.lineate.school.SearchBenchmark.treeSet:branches","avgt",1,1,55.877263,NaN,"#/op",100
"com.lineate.school.SearchBenchmark.treeSet:cycles","avgt",1,1,177.445589,NaN,"#/op",100
"com.lineate.school.SearchBenchmark.treeSet:dTLB-load-misses","avgt",1,1,0.000048,NaN,"#/op",100
"com.lineate.school.SearchBenchmark.treeSet:dTLB-loads","avgt",1,1,51.348739,NaN,"#/op",100
"com.lineate.school.SearchBenchmark.treeSet:dTLB-store-misses","avgt",1,1,0.000197,NaN,"#/op",100
"com.lineate.school.SearchBenchmark.treeSet:dTLB-stores","avgt",1,1,6.235652,NaN,"#/op",100
"com.lineate.school.SearchBenchmark.treeSet:iTLB-load-misses","avgt",1,1,0.006267,NaN,"#/op",100
"com.lineate.school.SearchBenchmark.treeSet:iTLB-loads","avgt",1,1,0.000402,NaN,"#/op",100
"com.lineate.school.SearchBenchmark.treeSet:instructions","avgt",1,1,215.905192,NaN,"#/op",100
"com.lineate.school.SearchBenchmark.treeSet:stalled-cycles-frontend","avgt",1,1,53.605216,NaN,"#/op",100
"com.lineate.school.SearchBenchmark.treeSet","avgt",1,5,128.353982,7.963561,"ns/op",1000
"com.lineate.school.SearchBenchmark.treeSet:CPI","avgt",1,1,0.931656,NaN,"#/op",1000
"com.lineate.school.SearchBenchmark.treeSet:L1-dcache-load-misses","avgt",1,1,4.968206,NaN,"#/op",1000
"com.lineate.school.SearchBenchmark.treeSet:L1-dcache-loads","avgt",1,1,70.142794,NaN,"#/op",1000
"com.lineate.school.SearchBenchmark.treeSet:L1-dcache-store-misses","avgt",1,1,0.335132,NaN,"#/op",1000
"com.lineate.school.SearchBenchmark.treeSet:L1-dcache-stores","avgt",1,1,11.133384,NaN,"#/op",1000
"com.lineate.school.SearchBenchmark.treeSet:L1-icache-load-misses","avgt",1,1,0.050385,NaN,"#/op",1000
"com.lineate.school.SearchBenchmark.treeSet:LLC-load-misses","avgt",1,1,0.034844,NaN,"#/op",1000
"com.lineate.school.SearchBenchmark.treeSet:LLC-loads","avgt",1,1,0.090216,NaN,"#/op",1000
"com.lineate.school.SearchBenchmark.treeSet:LLC-store-misses","avgt",1,1,0.017312,NaN,"#/op",1000
"com.lineate.school.SearchBenchmark.treeSet:LLC-stores","avgt",1,1,0.056589,NaN,"#/op",1000
"com.lineate.school.SearchBenchmark.treeSet:branch-misses","avgt",1,1,4.695759,NaN,"#/op",1000
"com.lineate.school.SearchBenchmark.treeSet:branches","avgt",1,1,77.314865,NaN,"#/op",1000
"com.lineate.school.SearchBenchmark.treeSet:cycles","avgt",1,1,271.966672,NaN,"#/op",1000
"com.lineate.school.SearchBenchmark.treeSet:dTLB-load-misses","avgt",1,1,0.000097,NaN,"#/op",1000
"com.lineate.school.SearchBenchmark.treeSet:dTLB-loads","avgt",1,1,71.067536,NaN,"#/op",1000
"com.lineate.school.SearchBenchmark.treeSet:dTLB-store-misses","avgt",1,1,0.000685,NaN,"#/op",1000
"com.lineate.school.SearchBenchmark.treeSet:dTLB-stores","avgt",1,1,11.023182,NaN,"#/op",1000
"com.lineate.school.SearchBenchmark.treeSet:iTLB-load-misses","avgt",1,1,0.122591,NaN,"#/op",1000
"com.lineate.school.SearchBenchmark.treeSet:iTLB-loads","avgt",1,1,0.324050,NaN,"#/op",1000
"com.lineate.school.SearchBenchmark.treeSet:instructions","avgt",1,1,291.917339,NaN,"#/op",1000
"com.lineate.school.SearchBenchmark.treeSet:stalled-cycles-frontend","avgt",1,1,62.606160,NaN,"#/op",1000
"com.lineate.school.SearchBenchmark.treeSet","avgt",1,5,205.852050,2.723377,"ns/op",10000
"com.lineate.school.SearchBenchmark.treeSet:CPI","avgt",1,1,1.248626,NaN,"#/op",10000
"com.lineate.school.SearchBenchmark.treeSet:L1-dcache-load-misses","avgt",1,1,13.518342,NaN,"#/op",10000
"com.lineate.school.SearchBenchmark.treeSet:L1-dcache-loads","avgt",1,1,89.299492,NaN,"#/op",10000
"com.lineate.school.SearchBenchmark.treeSet:L1-dcache-store-misses","avgt",1,1,0.300854,NaN,"#/op",10000
"com.lineate.school.SearchBenchmark.treeSet:L1-dcache-stores","avgt",1,1,11.559503,NaN,"#/op",10000
"com.lineate.school.SearchBenchmark.treeSet:L1-icache-load-misses","avgt",1,1,0.073688,NaN,"#/op",10000
"com.lineate.school.SearchBenchmark.treeSet:LLC-load-misses","avgt",1,1,0.248927,NaN,"#/op",10000
"com.lineate.school.SearchBenchmark.treeSet:LLC-loads","avgt",1,1,4.666011,NaN,"#/op",10000
"com.lineate.school.SearchBenchmark.treeSet:LLC-store-misses","avgt",1,1,0.004122,NaN,"#/op",10000
"com.lineate.school.SearchBenchmark.treeSet:LLC-stores","avgt",1,1,0.020583,NaN,"#/op",10000
"com.lineate.school.SearchBenchmark.treeSet:branch-misses","avgt",1,1,6.628337,NaN,"#/op",10000
"com.lineate.school.SearchBenchmark.treeSet:branches","avgt",1,1,99.093390,NaN,"#/op",10000
"com.lineate.school.SearchBenchmark.treeSet:cycles","avgt",1,1,448.007809,NaN,"#/op",10000
"com.lineate.school.SearchBenchmark.treeSet:dTLB-load-misses","avgt",1,1,0.000043,NaN,"#/op",10000
"com.lineate.school.SearchBenchmark.treeSet:dTLB-loads","avgt",1,1,89.509221,NaN,"#/op",10000
"com.lineate.school.SearchBenchmark.treeSet:dTLB-store-misses","avgt",1,1,0.002610,NaN,"#/op",10000
"com.lineate.school.SearchBenchmark.treeSet:dTLB-stores","avgt",1,1,12.324341,NaN,"#/op",10000
"com.lineate.school.SearchBenchmark.treeSet:iTLB-load-misses","avgt",1,1,0.159673,NaN,"#/op",10000
"com.lineate.school.SearchBenchmark.treeSet:iTLB-loads","avgt",1,1,0.001955,NaN,"#/op",10000
"com.lineate.school.SearchBenchmark.treeSet:instructions","avgt",1,1,358.800656,NaN,"#/op",10000
"com.lineate.school.SearchBenchmark.treeSet:stalled-cycles-frontend","avgt",1,1,185.444834,NaN,"#/op",10000
"com.lineate.school.SearchBenchmark.treeSet","avgt",1,5,362.739077,341.429065,"ns/op",100000
"com.lineate.school.SearchBenchmark.treeSet:CPI","avgt",1,1,1.786240,NaN,"#/op",100000
"com.lineate.school.SearchBenchmark.treeSet:L1-dcache-load-misses","avgt",1,1,27.404731,NaN,"#/op",100000
"com.lineate.school.SearchBenchmark.treeSet:L1-dcache-loads","avgt",1,1,110.801202,NaN,"#/op",100000
"com.lineate.school.SearchBenchmark.treeSet:L1-dcache-store-misses","avgt",1,1,0.638145,NaN,"#/op",100000
"com.lineate.school.SearchBenchmark.treeSet:L1-dcache-stores","avgt",1,1,14.816850,NaN,"#/op",100000
"com.lineate.school.SearchBenchmark.treeSet:L1-icache-load-misses","avgt",1,1,0.106711,NaN,"#/op",100000
"com.lineate.school.SearchBenchmark.treeSet:LLC-load-misses","avgt",1,1,0.240754,NaN,"#/op",100000
"com.lineate.school.SearchBenchmark.treeSet:LLC-loads","avgt",1,1,17.731808,NaN,"#/op",100000
"com.lineate.school.SearchBenchmark.treeSet:LLC-store-misses","avgt",1,1,0.181103,NaN,"#/op",100000
"com.lineate.school.SearchBenchmark.treeSet:LLC-stores","avgt",1,1,0.318600,NaN,"#/op",100000
"com.lineate.school.SearchBenchmark.treeSet:branch-misses","avgt",1,1,8.461398,NaN,"#/op",100000
"com.lineate.school.SearchBenchmark.treeSet:branches","avgt",1,1,117.969753,NaN,"#/op",100000
"com.lineate.school.SearchBenchmark.treeSet:cycles","avgt",1,1,759.072210,NaN,"#/op",100000
"com.lineate.school.SearchBenchmark.treeSet:dTLB-load-misses","avgt",1,1,0.004494,NaN,"#/op",100000
"com.lineate.school.SearchBenchmark.treeSet:dTLB-loads","avgt",1,1,107.609503,NaN,"#/op",100000
"com.lineate.school.SearchBenchmark.treeSet:dTLB-store-misses","avgt",1,1,0.001855,NaN,"#/op",100000
"com.lineate.school.SearchBenchmark.treeSet:dTLB-stores","avgt",1,1,14.834014,NaN,"#/op",100000
"com.lineate.school.SearchBenchmark.treeSet:iTLB-load-misses","avgt",1,1,0.030485,NaN,"#/op",100000
"com.lineate.school.SearchBenchmark.treeSet:iTLB-loads","avgt",1,1,0.104763,NaN,"#/op",100000
"com.lineate.school.SearchBenchmark.treeSet:instructions","avgt",1,1,424.955259,NaN,"#/op",100000
"com.lineate.school.SearchBenchmark.treeSet:stalled-cycles-frontend","avgt",1,1,406.087714,NaN,"#/op",100000
